user_id,label
0010232_804FC2960,0
0010344_805B0FF70,0
0010344_807E6A2C0,0
001047_800416A40,0
001047_800679ED0,0
001047_800679FC0,0
001047_8006920D0,0
001047_8006B5930,0
001047_8006C4C70,0
001047_8006CD860,0
001047_8006EB7C0,0
001047_80072BC50,0
001047_800772630,0
001047_800809D30,0
001047_80080FE30,0
001047_80085EAF0,0
001047_800902D60,0
001047_800A9EF40,0
001047_800AC3280,0
001047_800B257F0,0
001047_800B80650,0
001047_800BC4D80,0
001047_800BE2BB0,0
001047_800C4D480,0
001047_800C91420,0
001047_800D20420,0
001047_800D5F920,0
001047_800E2A2E0,0
001047_800E73CB0,0
001047_800E92CF0,0
001047_800EED270,0
001047_800EF8600,0
001047_800F4E260,0
001047_800FF2F80,0
001047_80108B0D0,0
001047_80108D3C0,0
001047_801169C40,0
001047_8011BBAB0,0
001047_8012446E0,0
001047_80128EBF0,0
001047_8012B9CA0,0
001047_8014600A0,0
001047_801567B80,0
001047_8015E5450,0
001047_80162A310,0
001047_80166F7F0,0
001047_801672160,0
001047_80176D850,0
001047_801A0C4F0,0
001047_801A51290,0
001047_801BDD5D0,0
001047_8021A3090,0
001047_8022098F0,0
001047_804AF33C0,0
001047_8074B6B80,0
001047_80A0DDC70,0
001047_80DF730B0,0
0010614_805BC9DD0,0
0010642_802074B20,0
0010642_806F83740,0
001068_8006B6750,0
001068_8006D8FE0,0
001068_8006ED720,0
001068_80071AEF0,0
001068_8007267C0,0
001068_80073C000,0
001068_80078B850,0
001068_8007A44F0,0
001068_800821E20,0
001068_800837E10,0
001068_80093BBD0,0
001068_800B09E20,0
001068_800B34DF0,0
001068_800B829A0,0
001068_800BA9DC0,0
001068_800BB1AB0,0
001068_800BB7FF0,0
001068_800BD6A00,0
001068_800C4DAC0,0
001068_800CD3A00,0
001068_800CDE960,0
001068_800CE8990,0
001068_800D0F170,0
001068_800D1C7E0,0
001068_800D292F0,0
001068_800DB9A00,0
001068_800DE0980,0
001068_800E87260,0
001068_800E93B50,0
001068_800E9C3D0,0
001068_800F7B8E0,0
001068_80103ABD0,0
001068_801091650,0
001068_8010B2A70,0
001068_8010BB270,0
001068_8012D1FB0,0
001068_80135F8C0,0
001068_8013970B0,0
001068_8015D7840,0
001068_80160E0B0,0
001068_801635F70,0
001068_8016E2080,0
001068_80170F2D0,0
001068_801836960,0
001068_80185A250,0
001068_80188ED40,0
001068_80192C110,0
001068_8019E93C0,0
001068_801D48AA0,0
001068_801DBE090,0
001068_801F5DC00,0
001068_8020011B0,0
001068_802201890,0
001068_802AC9790,0
001068_8061DBFA0,0
001068_8072FD6B0,0
001068_80DA66BA0,0
001068_810326CD0,0
0011030_806A08C90,0
001124_8005EF780,0
001124_8006FF760,0
001124_8007025F0,0
001124_800704070,0
001124_8007051D0,0
001124_80070D280,0
001124_800718920,0
001124_80073D690,0
001124_8007412D0,0
001124_80074F790,0
001124_80075EBB0,0
001124_80076BBA0,0
001124_8007D3F40,0
001124_8007D42C0,0
001124_800825340,1
001124_8008334A0,0
001124_8008521B0,0
001124_800872260,0
001124_80087FCB0,1
001124_8008AC7F0,0
001124_8008BD200,0
001124_8008D2B80,0
001124_8008E8BF0,0
001124_800908A60,0
001124_800A27C70,0
001124_800A438C0,0
001124_800AB5470,0
001124_800B18FB0,0
001124_800B421D0,0
001124_800B78210,0
001124_800BA7380,0
001124_800D2B1B0,0
001124_800D40940,0
001124_800D70880,0
001124_800DFFF50,0
001124_800E2EBA0,0
001124_800EDCA60,0
001124_800EE47E0,0
001124_800EEA2C0,0
001124_80109BA60,0
001124_801136360,0
001124_801137680,0
001124_80117C080,0
001124_8012D3490,0
001124_801421E10,0
001124_801536120,0
001124_801602660,0
001124_801715200,0
001124_80195E050,0
001124_801986840,0
001124_8019A8B90,0
001124_8019E7E70,0
001124_801BF5070,0
001124_801CA74B0,0
001124_801D16A20,0
001124_801D48C30,0
001124_801E3DD50,0
001124_801F8AB40,0
001124_80396E670,0
001124_81030F720,0
001124_814233CC0,0
0011642_80DF8D850,0
0011642_810EF2DF0,0
0011642_8131A9A80,0
0011899_805B533D0,0
0011899_80EC174E0,0
0012359_80A3377E0,0
001241_80084EDF0,0
001241_8008C1930,0
001241_8008C6EC0,0
001241_8008D96F0,0
001241_80090A230,0
001241_8009F37D0,0
001241_800A29900,0
001241_800A6F710,0
001241_800A74C20,0
001241_800A78BB0,0
001241_800AD7040,0
001241_800B26AF0,0
001241_800B456D0,0
001241_800BCC390,0
001241_800BFC160,0
001241_800C2F340,0
001241_800C9BCE0,0
001241_800F01490,0
001241_800F239A0,0
001241_800F9FBC0,0
001241_800FFADD0,0
001241_801008480,0
001241_80116AE00,0
001241_8011A5BC0,0
001241_80146F0D0,0
001241_80170DBC0,0
001241_8017CE8B0,0
001241_80198AD50,0
001241_801D04C40,0
001241_801EA5E30,0
001241_801F63C90,0
001241_8027430D0,0
0012446_8079DC040,0
001244_8007FF480,0
001244_80082C8A0,0
001244_80089D600,0
001244_8008C2C30,0
001244_80094F370,0
001244_800ABFAE0,0
001244_800B25B70,0
001244_800B2B630,0
001244_800B40460,0
001244_800BC0D90,0
001244_800BD9030,0
001244_800DB3600,0
001244_800EA0890,0
001244_800F57B20,0
001244_800FB67B0,0
001244_801150FC0,0
001244_80118ED20,0
001244_8011ACC10,0
001244_8011C2C70,0
001244_8011E65B0,0
001244_80136CBE0,0
001244_80138D130,0
001244_8015CF360,0
001244_8016011C0,0
001244_8016CAB70,0
001244_8016D0740,0
001244_8017F8980,0
001244_80198DAE0,0
001244_8019F1580,0
001244_801C3FA20,0
001244_801CC55D0,0
001244_801DCF0C0,0
001244_801E9E540,0
001244_803E12620,0
001244_807D511D0,0
0012585_805DCA5B0,0
0012585_8079D2520,0
0012585_808945BB0,0
0012585_80FCBFBC0,0
0012803_80C336840,0
0012893_80805AE20,0
0012979_805B31B20,0
001411_8005E8BD0,0
001411_8008916A0,0
001411_8008A15E0,0
001411_8008C3010,0
001411_800909030,0
001411_8009953B0,0
001411_8009AA550,0
001411_800A58A10,0
001411_800A99590,0
001411_800AC3AC0,0
001411_800AC9E20,0
001411_800AF4B70,0
001411_800B6D210,0
001411_800C39750,0
001411_800C81020,0
001411_800CCB760,0
001411_800CF8320,0
001411_800D2AF20,0
001411_800D7A8C0,0
001411_800D9B930,0
001411_800DCD690,0
001411_800E71AE0,0
001411_800EEA050,0
001411_800F6E030,0
001411_800FA1420,0
001411_80100A2C0,0
001411_801086F20,0
001411_801158200,0
001411_8011BAEC0,0
001411_8012B82F0,0
001411_8012EDA40,0
001411_801382BB0,0
001411_801539D00,0
001411_801563C60,0
001411_8017303B0,0
001411_801759C40,0
001411_801770840,0
001411_801802670,0
001411_801847650,0
001411_8018784D0,0
001411_801935560,0
001411_80196F3B0,0
001411_8019F58F0,0
001411_801ACA8B0,0
001411_801B4DA40,0
001411_801B8EBB0,0
001411_801C9F900,0
001411_801E95490,0
001411_801FEE530,0
001411_803B98550,0
001411_80620A580,0
001411_806E8A6D0,0
001411_809045F60,0
001412_80089BD90,0
001412_8008A7AD0,0
001412_800909A40,0
001412_800952BA0,0
001412_8009ED320,0
001412_800A4FAA0,0
001412_800A78930,0
001412_800AC0F70,0
001412_800BC09C0,0
001412_800BEDBB0,0
001412_800C1D0E0,0
001412_800C28960,0
001412_800C2F700,0
001412_800C346A0,0
001412_800C4F5D0,0
001412_800CA4270,0
001412_800CD2160,0
001412_800CD5E00,0
001412_800CD6CA0,0
001412_800CE2690,0
001412_800CFC540,0
001412_800DD18A0,0
001412_800DD2A40,0
001412_800DE2770,0
001412_800E14330,0
001412_800E86060,0
001412_800E9DFF0,0
001412_800EBD200,0
001412_800F48C60,0
001412_800F9A1F0,0
001412_800FB1C20,0
001412_80116AFF0,0
001412_801176140,0
001412_80124D420,0
001412_801292E50,0
001412_8012AB330,0
001412_8012E7C30,0
001412_8012F6CC0,0
001412_8013238E0,0
001412_80133D230,0
001412_801504B30,0
001412_80165FDA0,0
001412_801836010,0
001412_801875B50,0
001412_80195C4A0,0
001412_8019FF110,0
001412_801A38370,0
001412_801BD00C0,0
001412_801C38310,0
001412_801F65440,0
001412_802116EE0,0
001412_803AD7920,0
001457_8008F4520,0
001457_800936280,0
001457_800946CE0,0
001457_800B29AD0,0
001457_800C2FA50,0
001457_800C60510,0
001457_800CC6610,0
001457_800D10E10,0
001457_800DBBC10,0
001457_800DCC1E0,0
001457_800DD1AC0,0
001457_800E91C40,0
001457_800F0ED30,0
001457_800F30480,0
001457_80100D180,0
001457_801086330,0
001457_8010AFBF0,0
001457_801133160,0
001457_801174D30,0
001457_801285EB0,0
001457_8016F2860,0
001457_801704800,0
001457_801771BE0,0
001457_801897770,0
001457_80196C290,0
001457_801A67C80,0
001457_801A9C290,0
001457_801BD58E0,0
001457_801D16820,0
001457_801F330C0,0
001457_8043874D0,0
001457_8093FEE80,0
001457_80C7AEDA0,0
0014804_80D120A40,0
0014804_8133EA2F0,0
0015040_80BE35150,0
0015040_80C2B4C80,0
0015085_808D68320,0
0015447_80855BD50,0
0015625_806A20E70,0
0015625_808855BA0,0
0015625_808DEDBE0,0
0015625_80B7A39F0,0
0015625_81173FE50,0
0015695_80EBB38D0,0
0015747_80F6E14C0,0
0016535_807D716A0,0
0016606_806570B20,0
001686_8004169F0,0
001686_800A5B3E0,0
001686_800A6F850,0
001686_800A9AA10,0
001686_800ACA450,0
001686_800BC5380,0
001686_800C58480,0
001686_800CD1050,0
001686_800D3D080,0
001686_800D3D990,0
001686_800D7AEF0,0
001686_800D98D50,0
001686_800DB4A00,0
001686_800DB5910,0
001686_8010A77C0,0
001686_8010AA710,0
001686_8010AC000,0
001686_8010D60E0,0
001686_8011146C0,0
001686_801135000,0
001686_8011B3530,0
001686_8011E8B10,0
001686_801273760,0
001686_8012A2BD0,0
001686_8012E4100,0
001686_8012F41A0,0
001686_801342510,0
001686_80145A070,0
001686_801470A70,0
001686_8015691A0,0
001686_801724960,0
001686_801778C50,0
001686_8018754D0,0
001686_801892A00,0
001686_801B637C0,0
001686_801CED2B0,0
001686_801E54700,0
001686_801E88E80,0
001686_801F80010,0
0017246_808FED720,0
0017400_806D188B0,0
0017400_80C22E720,0
0017400_80E5D7350,0
0017748_80A3B8500,0
0017748_80D0E8270,0
0017753_8074B4EB0,0
0017753_80C215CD0,0
0017907_80DCB9360,0
0018324_809172D40,0
0018324_80D2DC7D0,0
0018324_80FCC4620,0
001853_800B81200,0
001853_800CFEC80,0
001853_800D0A0A0,0
001853_800D28CC0,0
001853_800D6FAD0,0
001853_800DB45D0,0
001853_800DD89E0,0
001853_800E2AC30,0
001853_800E32B90,0
001853_800E810A0,0
001853_800E821D0,0
001853_800EB70D0,0
001853_800EF51C0,0
001853_800F494C0,0
001853_800F6D7D0,0
001853_800F7DD50,0
001853_800F9B440,0
001853_800FB0A10,0
001853_8010ACB40,0
001853_8010B21A0,1
001853_80119C6F0,0
001853_8011B2CA0,0
001853_8011EF080,1
001853_8012D2950,0
001853_801329450,0
001853_8013874E0,0
001853_801566B30,0
001853_8015DB770,0
001853_801642EA0,0
001853_8017165C0,0
001853_801837C50,0
001853_8018782E0,0
001853_8018E6370,0
001853_801916F20,0
001853_801965780,0
001853_801D4D690,0
001853_801E99BE0,0
001853_801FF9850,0
001853_80338C800,0
001853_806579570,0
001853_80D64C490,0
0018679_807F0D240,0
0018679_8081DAB60,0
0018679_808C8C9D0,0
0018679_811766610,0
0019601_807BA8860,0
0019888_807952F60,0
0019890_8075E89D0,0
0019890_808566C50,0
0019890_8132EC860,0
001_800042CB0,0
001_8000555D0,0
001_800056160,0
001_800056370,0
001_800056CB0,0
001_800057A10,0
001_800057D40,0
001_80005AB30,0
001_80005B9B0,0
001_80005C050,0
001_80005C0A0,0
001_80005C0A1,0
001_80005E740,0
001_8000EBF70,0
001_8000ECD60,0
001_8000EDBB0,0
001_8000EDEC0,0
001_8000EEE80,0
001_8000F4510,0
001_8000F4D20,0
001_8000F4FE0,0
001_8000F5340,0
001_8000F7850,0
001_8001003A0,0
001_800107BD0,0
001_8001093C0,1
001_8001142C0,0
001_800115570,0
001_80011A2A0,0
001_80011AA30,0
001_80011C190,0
001_80011DB20,0
001_80011F1C0,0
001_8001275E0,0
001_800128AC0,0
001_800139D10,0
001_8001409E0,0
001_800143B00,0
001_800143BF0,0
001_800143BF1,0
001_800147880,0
001_8001488C0,0
001_800149630,0
001_80014BA70,0
001_80014EEE0,0
001_80014F510,0
001_8001547E0,0
001_800155BB0,0
001_800156430,0
001_8001580D0,0
001_80015D7D0,0
001_80016DAD0,0
001_800174E90,0
001_80018BA80,0
001_800191A90,0
001_800199240,0
001_80019A020,0
001_80019AA50,0
001_8001A4C70,0
001_8001A6A40,0
001_8001A9900,0
001_8001BA930,0
001_8001BDBA0,0
001_8001C6920,0
001_8001C7E60,0
001_8001C9040,0
001_8001C95B0,0
001_8001C9F20,0
001_8001D0B60,0
001_8001D1F20,0
001_8001D4130,0
001_8001DDFC0,0
001_8001E1DE0,0
001_8001E6840,0
001_8001F2890,0
001_8001F2F50,0
001_8001F5570,0
001_8001F95B0,0
001_8002198E0,0
001_80021DCF0,0
001_80021E560,0
001_80024DDD0,0
001_80024F4A0,0
001_800252D10,0
001_800253C40,0
001_800255680,0
001_800256410,0
001_800259980,0
001_800263050,0
001_8002640E0,0
001_800266C90,0
001_800268220,0
001_8002696B0,0
001_80028C950,0
001_80028D3C0,0
001_8002B62D0,0
001_8002BB600,0
001_8002C1D80,0
001_8002C3B00,0
001_8002CDEF0,0
001_8002F39A0,0
001_800300E30,0
001_8003011F0,0
001_8003080E0,0
001_80030A730,0
001_8003114D0,0
001_800324010,0
001_800325FD0,0
001_800327650,0
001_80033CEC0,0
001_80033FFD0,0
001_800345910,0
001_80038AAE0,0
001_80038BEA0,0
001_80038D9F0,0
001_80039C6B0,0
001_8003A3E20,0
001_8003B4B10,0
001_8003B71A0,0
001_8003BC640,0
001_8003C4EA0,0
001_8003DB200,0
001_8003E2FB0,0
001_8003F5660,0
001_8003F8CA0,0
001_80040DA80,0
001_800422520,0
001_8004228B0,0
001_80043AC10,0
001_800455C30,0
001_800456020,0
001_800456E50,0
001_800466E10,0
001_800466E60,0
001_800467C10,0
001_80047EED0,0
001_800482930,0
001_80049E360,0
001_8004A4C70,0
001_8004B1D70,0
001_8004D9E80,0
001_8004E9930,0
001_8004FD2A0,0
001_800530FB0,0
001_800532190,0
001_800537DE0,0
001_800547FD0,0
001_800559860,0
001_800575500,0
001_800580F30,0
001_800582620,0
001_800583590,0
001_80059B040,0
001_8005ABB30,0
001_8005B9BC0,0
001_8005C1530,0
001_8005C3260,0
001_8005C3EB0,0
001_8005D8650,0
001_8005D92A0,0
001_8005DD570,0
001_8005F65D0,0
001_800627410,0
001_800629A20,0
001_800645240,0
001_80064A5E0,0
001_80064E1F0,0
001_800659070,0
001_80065E710,0
001_800672FB0,0
001_8006769D0,0
001_800676BD0,0
001_80067AF80,0
001_800688410,0
001_80068A110,0
001_80068EB40,0
001_800699BC0,0
001_8006A2340,0
001_8006AA1B0,0
001_8006AF880,0
001_8006BB110,0
001_8006C49E0,0
001_8006C7290,0
001_8006ECB90,0
001_8006FCF80,0
001_80070CF20,0
001_80070DB90,0
001_800711AE0,0
001_800715B30,0
001_80071E730,0
001_80071E780,0
001_8007265D0,0
001_800729E70,0
001_800730B40,0
001_800733960,0
001_80076E9A0,0
001_800776160,0
001_800779280,0
001_800792340,0
001_800794C30,0
001_8007D6F90,0
001_800813550,0
001_800816FA0,0
001_80081AEF0,0
001_800852CC0,0
001_80089E970,0
001_8008C1890,0
001_8008CBDE0,0
001_8008D0100,0
001_8008D2720,0
001_8008D5EE0,0
001_8008E6C20,0
001_8008ECCD0,0
001_80093B940,0
001_80094E5E0,0
001_800954BC0,0
001_8009A9950,0
001_800A290A0,0
001_800A290F0,0
001_800A5F020,0
001_800A648E0,0
001_800A88820,0
001_800A98660,0
001_800B255B0,0
001_800B42090,0
001_800B53E50,0
001_800B56370,0
001_800B79F80,0
001_800BA5AE0,0
001_800BC3530,0
001_800BFAE30,0
001_800C1CAB0,0
001_800C1EFD0,0
001_800C20350,0
001_800C4E3F0,0
001_800C58ED0,0
001_800C9C690,0
001_800D0FD30,0
001_800DB6220,0
001_800DCF170,0
001_800DD9900,1
001_800DFC390,0
001_800E62CB0,0
001_800E87080,0
001_800F1AFD0,0
001_800F43BA0,0
001_800F61950,0
001_800FCADF0,0
001_800FF6690,0
001_800FFF4B0,0
001_80100DB80,0
001_80108A9D0,0
001_8010AA4F0,0
001_8010AED90,0
001_8010BB140,0
001_8010E85F0,0
001_8011152B0,0
001_80116D630,0
001_801172DB0,0
001_801196840,0
001_8011986C0,0
001_801199180,0
001_8011A2360,0
001_8011A6E80,0
001_8011B0D70,0
001_8012275D0,0
001_80127F9D0,0
001_8013733E0,0
001_801383750,0
001_8013ED6C0,0
001_80140FA20,0
001_80141BF60,0
001_8015DD0D0,0
001_8015FC330,0
001_8016466F0,0
001_8016B6690,0
001_8016BAB60,0
001_8016BCC20,0
001_8018879B0,0
001_801949BB0,0
001_80196DFF0,0
001_8019D82F0,0
001_801ABAFE0,0
001_801B210D0,0
001_801B5DD70,0
001_801B5F4E0,0
001_801C40740,0
001_801D6D170,0
001_801D9E120,0
001_801E3B330,0
001_802013D90,0
001_802ACFD80,0
001_802AED9A0,0
001_803305020,0
001_804AF01E0,0
001_80AA9B990,0
001_80B4B2420,0
001_8126EF0B0,0
002053_800CDF720,0
002053_800CEA110,0
002053_800D1FE90,0
002053_800D201E0,0
002053_800D5D240,0
002053_800DC30C0,0
002053_80104ABF0,0
002053_8010A33B0,0
002053_801183160,0
002053_80128B4E0,0
002053_801314740,0
002053_8013E0670,0
002053_80152D5A0,0
002053_80156C060,0
002053_80170A670,0
002053_8018FAC40,0
002053_801A3E370,0
002053_801ABCA20,0
002053_801BE47A0,0
002053_801C3D2C0,0
002053_801CE0410,0
002053_801E9F3A0,0
002053_8033F2540,0
002053_806A9DA10,0
00220_800102D10,0
00220_800109DF0,0
00220_80010C2F0,0
00220_80011D000,0
00220_800132390,0
00220_8001325C0,0
00220_800135370,0
00220_8001357A0,0
00220_8001357F0,0
00220_80013C280,0
00220_80013E150,0
00220_800146310,0
00220_800149210,0
00220_80014BCF0,0
00220_80014BF30,0
00220_80014C3E0,0
00220_800156930,0
00220_8001576B0,0
00220_800187940,0
00220_800190EB0,0
00220_800191D20,0
00220_800192280,0
00220_8001949F0,0
00220_800195970,0
00220_8001C8C50,0
00220_8001C8C51,0
00220_8001C9B30,0
00220_8001CF060,0
00220_8001DAF70,0
00220_8001E8C30,0
00220_8001EFA70,0
00220_800257DA0,0
00220_80025CF70,0
00220_80025FDF0,0
00220_800263410,0
00220_8002680E0,0
00220_80026B6A0,0
00220_800297BA0,0
00220_8002B5EE0,0
00220_8002B6AE0,0
00220_8002BA6F0,0
00220_8002BBBC0,0
00220_8002CDF40,0
00220_8002FDB30,0
00220_8002FF7B0,0
00220_8003051E0,0
00220_800336B70,0
00220_80033D730,0
00220_800340AB0,0
00220_80034A300,0
00220_8003AEFD0,0
00220_8003B3A60,0
00220_8003B9190,0
00220_8003C0EC0,0
00220_8003C3370,0
00220_8003D7DF0,0
00220_8003DC390,0
00220_800417140,0
00220_8004227C0,0
00220_800423C60,0
00220_8004518B0,0
00220_800456BE0,0
00220_8004586D0,0
00220_800458F40,0
00220_80045C9B0,0
00220_80045D5A0,0
00220_800463490,0
00220_800464E60,0
00220_80047E7B0,0
00220_8004D85F0,0
00220_8004DFA80,0
00220_800572CC0,0
00220_8005BE710,0
00220_800627F90,0
00220_80062BF20,0
00220_800645A90,0
00220_800646F90,0
00220_80067D4E0,0
00220_800686200,0
00220_8006BEDA0,0
00220_8006CCD20,0
00220_8006D3110,0
00220_8006D7CE0,0
00220_8006F8830,0
00220_8006F9FB0,0
00220_80076AE60,0
00220_80078E8F0,0
00220_8007C4280,0
00220_8007F6680,0
00220_800888CF0,0
00220_800A5F4C0,0
00220_800A8AA90,0
00220_800B03380,0
00220_800B26C90,0
00220_800B29140,0
00220_800BAA670,0
00220_800CC2550,0
00220_800CDBB10,0
00220_800DCF120,0
00220_800DEF8A0,0
00220_800DEFBC0,0
00220_800DF6E40,0
00220_800E287D0,0
00220_800F6AC80,0
00220_800F767D0,0
00220_800F8BDD0,0
00220_800FACB30,0
00220_800FAF410,0
00220_800FC98F0,0
00220_80100E850,0
00220_8010DFA40,0
00220_8010ED3B0,0
00220_8012AB050,0
00220_8012EF600,0
00220_80130A8A0,0
00220_8013C9000,0
00220_8013E8300,0
00220_8013F4610,0
00220_80156A460,0
00220_8015C2D50,0
00220_8016FC850,0
00220_801718B20,0
00220_801872B60,0
00220_801888550,0
00220_80188AE80,0
00220_8019319C0,0
00220_8019BDBF0,0
00220_8019D8DE0,0
00220_801B6EEE0,0
00220_801E87F10,0
00220_801F2F350,0
00220_801F7CB30,0
00220_802001E70,0
00220_8048E5600,0
00220_814212C30,0
002385_800E52520,0
002385_800EBCC40,0
002385_800EEB260,0
002385_800EFF200,0
002385_800F4BB50,0
002385_800F7DB60,0
002385_801358800,0
002385_8015BDD30,0
002385_8016CFD70,0
002385_8017B87A0,0
002385_80192CA00,0
002385_80194D460,0
002385_801A3C2D0,0
002385_801CBB470,0
002385_8032DD640,0
002385_80400E580,0
002385_805B79A20,0
0024032_808EBB820,0
0024032_8104458F0,0
0024161_80DF7DCE0,0
0024161_811CA71C0,0
002439_800EDEA10,0
002439_800F40ED0,0
002439_800F6B470,0
002439_8010BAD50,0
002439_80116C970,0
002439_801191EC0,0
002439_801198F90,0
002439_8011D6E80,0
002439_80125F5A0,0
002439_801281350,0
002439_8012B6D20,0
002439_8012E4CB0,0
002439_8013422C0,0
002439_80136AE50,0
002439_80145E040,0
002439_801487C90,0
002439_801572A20,0
002439_8016CE090,0
002439_801727900,0
002439_801797BD0,0
002439_8017BF800,0
002439_80187DBE0,0
002439_8019F33B0,0
002439_801CDE360,0
002439_801DC6C70,0
002439_801EA1E80,0
002439_80251D2D0,0
002439_80C900560,0
002439_80F7D3A90,0
0024424_80AE5EF00,0
0024424_812E8BD00,0
002454_800AF9840,0
002454_800F60A30,0
002454_800F6D2B0,0
002454_8011B4450,0
002454_8011E3D10,0
002454_801258C80,0
002454_8012BC870,0
002454_80136FA50,0
002454_8013EC0E0,0
002454_801989940,0
002454_8019F0C00,0
002454_801A44D40,0
002454_801F75AA0,0
002454_8063F5480,0
002454_809F0A3D0,0
0024869_8100D4600,0
0025749_8124F2080,0
002627_800FBA530,0
002627_800FC23E0,0
002627_800FCCED0,0
002627_801194720,0
002627_8011B3A70,0
002627_8011DC4E0,0
002627_801270700,0
002627_8012835B0,0
002627_8012E01E0,0
002627_80130C800,0
002627_80133A350,0
002627_80137F9A0,0
002627_8013C4210,0
002627_801615EF0,0
002627_801622FA0,0
002627_8016A6060,0
002627_8017C9E10,0
002627_801878FD0,0
002627_80192AC60,0
002627_80195D590,0
002627_801972CE0,0
002627_801982A80,0
002627_8019876E0,0
002627_8019B9190,0
002627_801BF5240,0
002627_801CF22B0,0
002627_802017E00,0
002627_8020D1C80,0
002627_8021E0090,0
002627_8079C7AF0,0
0026442_80D943CD0,0
0026442_813576B90,0
0026592_80DC53700,0
002824_80114FE70,0
002824_801181E30,0
002824_801198A00,0
002824_8012C6A30,0
002824_80133F240,0
002824_801360010,0
002824_801389B20,0
002824_801535F70,0
002824_8015CF450,0
002824_80161EB20,0
002824_80163FC30,0
002824_801779BC0,0
002824_8017A1000,0
002824_8019FDD50,0
002824_801D054A0,0
002824_801DB58E0,0
002824_801EEB890,0
002824_801F5D600,0
002824_8021E24A0,0
002824_8023E3CE0,0
002824_80ACAE6A0,0
002845_80115DC70,0
002845_8012202D0,0
002845_801268610,0
002845_8012A2540,0
002845_8012BA9E0,0
002845_8013CC530,0
002845_8015DBF30,0
002845_8016CB0E0,0
002845_801719ED0,0
002845_8017A2F20,0
002845_801920EB0,0
002845_80196E270,0
002845_801D4C660,0
002845_801F794B0,0
002845_8021D80A0,0
002845_8021E4AC0,0
0028733_8111A6960,0
0029003_80E3885A0,0
0029317_812183900,0
002947_8011B81E0,0
002947_801228760,0
002947_801396B00,0
002947_8013EE0A0,0
002947_801643C90,0
002947_8017CECF0,0
002947_801834370,0
002947_80195F9B0,0
002947_80199BBF0,0
002947_8019EF7D0,0
002947_805E78E80,0
002947_80AAD36F0,0
002947_80D1B9C50,0
002952_800B01F90,0
002952_8012EE510,0
002952_8013060A0,0
002952_801341260,0
002952_80136CAA0,0
002952_801390670,0
002952_801397230,0
002952_80156F650,0
002952_8016149E0,0
002952_8016D6BB0,0
002952_8016E36C0,0
002952_801729BB0,0
002952_80177B710,0
002952_8017FD160,0
002952_801837420,0
002952_801927E10,0
002952_801940410,0
002952_801948C50,0
002952_8019B6330,0
002952_8019BF710,0
002952_801A199F0,0
002952_801AFAAD0,0
002952_801B1E880,0
002952_801BD73A0,0
002952_801C4F7C0,0
002952_801CE6490,0
002952_801D414C0,0
002952_80539CF20,0
002991_8012ACC80,0
002991_8012BFA60,0
002991_80130A020,0
002991_801460690,0
002991_801589DB0,0
002991_8016AC370,0
002991_8016BBF90,0
002991_80171FBC0,0
002991_801774050,0
002991_8019D8560,0
002991_801A082B0,0
002991_801B68FD0,0
002991_801BCE750,0
002991_801D0ABC0,0
002991_801E8E710,0
002991_805A02D10,0
003051_8012C8D70,0
003051_80135BE90,0
003051_80147E7B0,0
003051_8015C0110,0
003051_8016667A0,0
003051_8017963E0,0
003051_80188F5E0,0
003051_801893470,0
003051_801975840,0
003051_80198DE70,0
003051_801A2E5D0,0
003051_801A9DD10,0
003051_801B1EA20,0
003051_801BF6B00,0
003051_801BF73E0,0
003051_801D28990,0
003051_801F747D0,0
003051_8021B7020,0
003051_807B8FAD0,0
003051_81267C100,0
0030851_80B473A70,0
0030974_81479EAB0,0
0031208_80FF29BF0,0
003144_8010E0D20,0
003144_8012D1F10,0
003144_801357CC0,0
003144_80145A790,0
003144_80153F0D0,0
003144_8016D7060,0
003144_801714F50,0
003144_8017A58C0,0
003144_80184B3A0,0
003144_8018E4B80,0
003144_80198F170,0
003144_801A9BD40,0
003144_801C3DD00,0
003144_808F83570,0
003144_80E0C6470,0
003144_811E262B0,0
003149_8013388F0,0
003149_801382380,0
003149_801391990,0
003149_801396E30,0
003149_80145D1D0,0
003149_80149A480,0
003149_8015BA610,0
003149_801604310,0
003149_80160FA50,0
003149_80165F240,0
003149_8016CAE00,0
003149_801709DD0,0
003149_801711840,0
003149_801763F00,0
003149_801786450,0
003149_8017E5210,0
003149_801855000,0
003149_801917BA0,0
003149_801987F50,0
003149_80198D8E0,0
003149_8019A1FB0,0
003149_801B0D040,0
003149_801BEB8A0,0
003149_801DA9F90,0
003149_8021FCC70,0
003149_80B41C450,0
0031596_80D206250,0
0031596_80DA336D0,0
0031653_80C2085A0,0
003229_801374F60,0
003229_8013A3C10,0
003229_80153EB50,0
003229_80156D110,0
003229_801650340,0
003229_80165B9E0,0
003229_8016A99B0,0
003229_801859EF0,0
003229_8019B1EF0,0
003229_801BF8C30,0
003229_801CFCCA0,0
003229_801D0F340,0
003229_801EB5540,0
003229_802851E00,0
003229_8029764B0,0
003229_804E1B910,0
003229_806A87FA0,0
003229_8093FEBB0,0
003242_80133FE80,0
003242_8014999D0,0
003242_80156D740,0
003242_8016F97B0,0
003242_80197B850,0
003242_801A7EC10,0
003242_801A849B0,0
003242_801AB0CC0,0
003242_801CC7240,0
003242_801D27E30,0
003242_801DC9150,0
003242_802014460,0
003242_80517AFB0,0
003242_80B225DC0,0
0032738_80E006A90,0
0033355_813818040,0
0033389_80D4A27A0,0
0033426_80D512870,0
0033456_80DF318B0,0
003420_800AFD800,0
003420_80155AC90,0
003420_8015F44D0,0
003420_801694660,0
003420_8017BD3D0,0
003420_8017D6A50,0
003420_8017E7830,0
003420_8018A75F0,0
003420_8018E7CF0,0
003420_80197CF20,0
003420_801A41D10,0
003420_801B5D450,0
003420_801D42EA0,0
003420_801D6CB40,0
003420_801E8DCB0,0
003420_801F857A0,0
003420_8021DB060,0
003420_8030AD2E0,0
003420_8040D1940,0
003420_804E44FD0,0
0035925_80E1EEE10,0
0035925_811B24E40,0
0036056_812ED6380,0
0036121_80F1D6810,0
0036208_812FA5A40,0
003698_801720C80,0
003698_801781160,0
003698_8017CFE10,0
003698_8017D3690,0
003698_801A3D6F0,0
003698_801C09F40,0
0037984_80F24F2B0,0
0038315_8141FFA70,0
004242_8019BD9A0,0
004242_801A179B0,0
004242_801A2F460,0
004242_801AB3670,0
004242_801EADA10,0
004242_802011290,0
004242_80210F560,0
004242_8021C13E0,0
004242_805B482E0,0
004242_8094005A0,0
004403_801A99680,0
004403_801A996D0,0
004403_801EA2A30,0
004403_802650080,0
004403_80321B4B0,0
004403_808F847C0,0
0044207_8105C9780,0
0044345_811A57520,0
0044351_813298EF0,0
0044351_813988ED0,0
004503_801B6FA90,0
004503_801BAF390,0
004503_801C9D3E0,0
004503_801D18B00,0
004503_801DC8280,0
004503_8023F7C10,0
004503_8028F78D0,0
004503_80303CE30,0
004523_8012338F0,0
004523_801D49980,0
004523_801E795F0,0
004523_80200DC80,0
004523_802091B90,0
004523_80C1456B0,0
004523_8119D8750,0
0045951_81301A010,0
0046537_813AA2F80,0
004726_801F38030,0
004726_804995330,0
004726_813FF42B0,0
004766_801EA8500,0
004766_801FF5870,0
004766_802017A10,0
004766_80B8CCA40,0
004766_81191B520,0
004866_801D06ED0,0
004866_80220A350,0
004866_8024DBCA0,0
004866_8024F6050,0
004866_802AF0760,0
004866_804084420,0
004866_805209300,0
004866_80BD5AE50,0
004866_80D27D0C0,0
0049450_812A2C5B0,0
00513_8002C6880,0
00513_8002D6F30,0
00513_800309750,0
00513_8003231B0,0
00513_800342B20,0
00513_8003430A0,0
00513_800346EE0,0
00513_8003491D0,0
00513_80034B400,0
00513_8003A6170,0
00513_8003AD240,0
00513_8003B7700,0
00513_8003BD920,0
00513_8003BE4B0,0
00513_8003C0340,0
00513_8003C5B30,0
00513_8003CA3A0,0
00513_8003E12C0,0
00513_8003E9220,0
00513_800421140,0
00513_80045C0A0,0
00513_80046B5E0,0
00513_8004B7A10,0
00513_8004BF330,0
00513_80053A160,0
00513_80054E280,0
00513_80056E610,0
00513_80057CE70,0
00513_80058C680,0
00513_800590530,0
00513_800597410,0
00513_800615C40,0
00513_800616670,0
00513_8006237E0,0
00513_80062B450,0
00513_800648A10,0
00513_8006538E0,0
00513_8006538E1,0
00513_80065C910,0
00513_800678C40,0
00513_8006A4370,0
00513_8006D62F0,0
00513_8006DCB00,0
00513_8006EE2A0,0
00513_800715680,0
00513_800717740,0
00513_800762750,0
00513_8007783E0,0
00513_80077EA80,0
00513_8007D7200,0
00513_80082FF20,0
00513_8008A89F0,0
00513_8008ABC50,0
00513_8008BB940,0
00513_800943C20,0
00513_800995EF0,0
00513_8009B7B70,0
00513_800A5F8C0,0
00513_800A82F70,0
00513_800B0DAB0,0
00513_800B1B550,0
00513_800BAE2F0,0
00513_800BC9B70,0
00513_800BD51E0,0
00513_800C35260,0
00513_800C90D30,0
00513_800CCA800,0
00513_800CD60F0,1
00513_800CF5930,0
00513_800CFE6F0,0
00513_800DD9DB0,0
00513_800E28F20,0
00513_800EE18A0,0
00513_800F32D00,0
00513_800F55C30,0
00513_800F55C31,0
00513_800F5EFF0,0
00513_801001120,0
00513_801038AD0,0
00513_80103B490,0
00513_80108DBF0,0
00513_801418BB0,0
00513_801464400,0
00513_801467B60,0
00513_8016CF6F0,0
00513_80188E150,0
00513_80194FD70,0
00513_8019BD330,0
00513_801A20EE0,0
00513_801DED2A0,0
00513_8021FF420,0
00513_80252EF80,0
005140_801F5F850,0
005140_801F81CF0,0
005140_8022033C0,0
005140_8022183F0,0
005140_8066AD150,0
005140_8068339A0,0
005140_80DF8AF90,0
0051889_8140FE350,0
005394_802223090,0
005394_802E5B0D0,0
005394_805F93520,0
005394_8088998D0,0
005394_809B53AA0,0
005836_8052D9C80,0
006010_804413A30,0
006010_8056F19D0,0
006075_803310000,0
006075_806715990,0
006129_8027D1A30,0
006129_803E4D2C0,0
006129_80579B210,0
006129_8063D92F0,0
006129_80BC04490,0
006129_81365F430,0
006156_802851DB0,0
006156_802C37C90,0
006156_802F2FD40,0
006156_808D17530,0
006179_80421F510,0
006179_80458D740,0
006179_808394840,0
006179_80D159B30,0
006276_80C81CF90,0
006276_80DBA9800,0
006803_8041DC2A0,0
00701_8002140A0,0
00701_800411880,0
00701_800421C00,0
00701_800423CB0,0
00701_80042F690,0
00701_800438FF0,0
00701_80043EBF0,0
00701_800444D20,0
00701_800453AB0,0
00701_80046CF30,0
00701_80047FAF0,0
00701_8004864E0,0
00701_8004B9670,0
00701_8004C0E20,0
00701_8004DE0A0,0
00701_8004E6610,0
00701_800531170,0
00701_80054ABE0,0
00701_800583AA0,0
00701_8005A8150,0
00701_8005D4A60,0
00701_8005E0F80,0
00701_8005E73B0,0
00701_8006449A0,0
00701_8006457A0,0
00701_800668E60,0
00701_80066B2D0,0
00701_8006A3A80,0
00701_8006A3F70,0
00701_8006BED50,0
00701_8006DA510,0
00701_800703070,0
00701_800744AA0,0
00701_800786EF0,0
00701_80078A8F0,0
00701_80078BB90,0
00701_800819540,0
00701_80083D010,0
00701_800878980,0
00701_800906B40,0
00701_8009514B0,0
00701_800A4A3A0,0
00701_800A55040,0
00701_800A59E30,0
00701_800A70500,0
00701_800ACD480,0
00701_800B32B20,0
00701_800BE21E0,0
00701_800C7AF70,0
00701_800CF79E0,0
00701_800D28100,0
00701_800EC3AF0,0
00701_800EDCD30,0
00701_800EE3E10,0
00701_800EF1610,0
00701_800F018B0,0
00701_800F588F0,0
00701_800FA07E0,0
00701_8010BA2C0,0
00701_8010ECEE0,0
00701_80116A140,0
00701_80138F730,0
00701_80138FBF0,0
00701_8013F0350,1
00701_8016129F0,0
00701_8016D94B0,0
00701_8016F7FF0,0
00701_80170ABF0,0
00701_8017960B0,0
00701_8018765A0,0
00701_80188C400,0
00701_80197C560,0
00701_80199ED80,0
00701_801AB4C10,0
00701_801B289B0,0
00701_801C3AF20,0
00701_801D3F2A0,0
00701_801D60BE0,0
00701_801DA0CF0,0
00701_801E8BC90,0
00701_801F83450,0
00701_802017130,0
00701_8103DC970,0
007478_8053F7440,0
007548_80B52D2E0,0
007675_8075CDE10,0
00795_80039DEF0,0
00795_8003C6100,0
00795_8004E4160,0
00795_80052A5E0,0
00795_80055C650,0
00795_800574820,0
00795_80057C130,0
00795_8005CE750,0
00795_8005DB370,0
00795_8005E0270,0
00795_8005F5810,0
00795_8006267D0,0
00795_8006B8290,0
00795_8006C5640,0
00795_8006C7740,0
00795_8006C8C70,0
00795_8006ED090,0
00795_800700830,0
00795_80071C4E0,0
00795_800778840,0
00795_8007870C0,0
00795_80078D020,0
00795_80080FC60,0
00795_80084D960,0
00795_80088BE80,0
00795_8008C0DD0,0
00795_8008FF380,0
00795_800947AB0,0
00795_800949920,0
00795_800952F80,0
00795_80096DD90,0
00795_8009802B0,0
00795_8009F9800,0
00795_800A79800,0
00795_800A99D20,0
00795_800B1EFF0,0
00795_800B34330,0
00795_800B7AAD0,0
00795_800BC4460,0
00795_800C22110,0
00795_800C4AA40,0
00795_800D47150,0
00795_800D98770,0
00795_800DB54F0,0
00795_800DF9A40,0
00795_800EF5CE0,0
00795_801086520,0
00795_8010A5680,0
00795_8011DBF10,0
00795_80128E100,0
00795_801667540,0
00795_80175C9F0,0
00795_801761F20,0
00795_80191BBD0,0
00795_801A01310,0
00795_801DB1000,0
00795_802000ED0,0
00795_803235890,0
00795_808EB1B50,0
008354_80371E780,0
008354_803D69780,0
008354_80C27C6B0,0
008595_80B4A1F80,0
008595_8123576A0,0
008623_80601D090,0
008623_806732680,0
008623_8088917A0,0
008623_809DD38A0,0
008771_804869110,0
008771_807809380,0
008771_8139D0760,0
008798_807639B30,0
008798_80D507000,0
008798_80EEB1260,0
008805_809392700,0
008805_80E02E920,0
00908_80059E940,0
00908_8005AD690,0
00908_8005BC620,0
00908_8005F6EA0,0
00908_8005FB700,0
00908_80064C680,0
00908_800683C70,0
00908_800685A90,0
00908_8006A3240,0
00908_8006A8A40,0
00908_8006C8100,0
00908_8006E55F0,0
00908_800709CB0,0
00908_800713D30,0
00908_80073CCA0,0
00908_8007966E0,0
00908_8007BF440,0
00908_800800A70,0
00908_800818D30,0
00908_80081C5B0,0
00908_80082C7B0,0
00908_800849EF0,0
00908_800852160,0
00908_80085F480,0
00908_800888EE0,0
00908_80089ACD0,0
00908_8008D1E20,0
00908_8008E7170,0
00908_8008EDFB0,0
00908_8008F4340,0
00908_8009453F0,0
00908_800ACDE30,0
00908_800AF1A00,0
00908_800B81110,0
00908_800C50B10,0
00908_800CE0F90,0
00908_800DBE1B0,0
00908_800DBE1B1,0
00908_800DDCCE0,0
00908_800E88BE0,0
00908_800F801A0,0
00908_800FC8540,0
00908_8010B3560,0
00908_801168AF0,0
00908_8011EDC10,0
00908_8012BD570,0
00908_8015676C0,0
00908_8015D65A0,0
00908_8015E6060,0
00908_80170FFE0,0
00908_8017A5410,0
00908_8017C8710,0
00908_8017D1080,0
00908_8017F2850,0
00908_8018867C0,0
00908_801975B10,0
00908_8019AC290,0
00908_801C3F640,0
00908_801D03EB0,0
00908_801D639A0,0
00908_801F5FFB0,0
00908_801FFD5D0,1
00908_812F2F8A0,0
009129_805FF9500,0
009129_806E11320,0
009482_8067C8F80,0
009482_8070BB570,0
009482_807638B20,0
009482_80845BF30,0
009482_80FEA8C70,0
009482_812816BD0,0
010_800043210,0
010_800055DF0,0
010_800058100,0
010_8000588D0,0
010_800058920,0
010_800059840,0
010_800059F50,0
010_80005AD90,0
010_80005ADE0,0
010_80005B110,0
010_80005CB50,0
010_80005D5C0,0
010_80005E380,0
010_8000F6850,0
010_8000F8070,0
010_8000F89F0,0
010_800102DD0,0
010_800105D30,0
010_8001072B0,0
010_8001074F0,0
010_80010A750,1
010_80010B900,0
010_80010BFC0,0
010_80010DA60,0
010_800113DC0,0
010_800113F90,0
010_8001146D0,0
010_800115370,0
010_800118D50,0
010_80011D3F0,0
010_80011DA80,0
010_800128000,0
010_8001294B0,0
010_80012AB70,0
010_80012FD90,0
010_800134210,0
010_8001365E0,0
010_80013A3C0,0
010_800145AC0,0
010_80014AE90,0
010_80014B1B0,0
010_80014B530,0
010_80014D160,0
010_80014DBB0,0
010_80014F470,0
010_8001520E0,0
010_8001521D0,0
010_8001523C0,0
010_8001551C0,0
010_800156890,0
010_800158620,0
010_80015DDC0,0
010_800164070,0
010_800173690,0
010_8001742E0,0
010_800182360,0
010_800187110,0
010_80018DBD0,0
010_80018E990,0
010_800194520,0
010_80019AE30,0
010_80019CF40,0
010_80019D770,0
010_80019E220,0
010_80019F8E0,0
010_8001A5F50,0
010_8001AA0E0,0
010_8001AA320,0
010_8001AA710,0
010_8001B7060,0
010_8001C3570,0
010_8001C7260,0
010_8001CB240,0
010_8001CF7B0,0
010_8001D2320,0
010_8001E1CF0,0
010_8001E23A0,0
010_8001E23A1,0
010_8001E37F0,0
010_8001E4150,0
010_8001E5570,0
010_8001E8240,0
010_8001EC830,0
010_8001F14F0,0
010_8001F3760,0
010_8001F7720,0
010_8001F84F0,0
010_8001F9870,0
010_80020A6E0,0
010_800213FB0,0
010_8002179C0,0
010_80021ADE0,0
010_80021BC80,0
010_80021C600,0
010_800223A20,0
010_80022A8E0,0
010_80022C150,0
010_80024C8C0,0
010_800250DA0,0
010_800254D60,0
010_80025C910,0
010_800263220,0
010_8002670F0,0
010_800268440,0
010_800268660,0
010_80026D340,0
010_800279310,0
010_8002A4490,0
010_8002B9030,0
010_8002BA920,0
010_8002C3410,0
010_8002C4370,0
010_8002C7A50,0
010_8002C8950,0
010_8002C9240,0
010_8002CAD40,0
010_8002CB9E0,0
010_8002FE410,0
010_800307C80,0
010_80030ADD0,0
010_80030B8F0,0
010_8003234C0,0
010_800325D10,0
010_8003470E0,0
010_800348170,0
010_800349840,0
010_80034A3A0,0
010_80034E290,0
010_8003667A0,0
010_80036A930,0
010_80038B5C0,0
010_8003A69A0,0
010_8003A8AB0,0
010_8003B5870,0
010_8003B5DC0,0
010_8003B95F0,0
010_8003B9A50,0
010_8003C3DA0,0
010_8003CA760,0
010_8003D7B50,0
010_8003DB490,0
010_8003E1690,0
010_8003E6650,0
010_8003EDD40,0
010_8003F1570,0
010_8003F3470,0
010_80040A220,0
010_80040F9F0,0
010_800418A90,0
010_800420F50,0
010_800422350,0
010_80042F640,0
010_800431E70,0
010_800436C20,0
010_800449990,0
010_80044A390,0
010_80044C930,0
010_800450B40,0
010_800457AF0,0
010_80046D560,0
010_800473270,0
010_80047AE30,0
010_80047B1E0,0
010_800480090,0
010_800483E00,0
010_8004858A0,0
010_800492540,0
010_800499100,0
010_80049C960,0
010_80049DEE0,0
010_80049F320,0
010_80049F920,0
010_8004A2F30,0
010_8004AB200,0
010_8004B0FC0,0
010_8004B3040,0
010_8004D70D0,0
010_8004E1AF0,0
010_8004E3240,0
010_800530710,0
010_8005315D0,0
010_800534930,0
010_8005600C0,0
010_800570D30,0
010_800571590,0
010_8005730D0,0
010_800578FA0,0
010_800579CB0,0
010_80057B590,0
010_8005814C0,0
010_800582010,0
010_80059F0E0,0
010_8005A7E70,0
010_8005B4300,0
010_8005B6BD0,0
010_8005C3C20,0
010_8005C3CC0,0
010_8005C8DE0,0
010_8005D2150,0
010_8005E1170,0
010_8005E9B40,0
010_8005F0B50,0
010_8005FAA30,0
010_80060F830,0
010_800614200,0
010_8006489C0,0
010_8006493B0,0
010_80064AD80,0
010_80065ADA0,0
010_80066A3C0,0
010_800673540,0
010_80067C710,0
010_80067F150,0
010_8006CC9A0,0
010_8006D7030,0
010_8006DDE60,0
010_8006EA200,0
010_8006EC8D0,0
010_800704C80,0
010_800709B80,0
010_80070DF80,0
010_80071F1A0,0
010_800724D40,0
010_800726200,0
010_800756FE0,0
010_80075F240,0
010_800788330,0
010_8007A8650,0
010_800803BA0,0
010_800811900,0
010_80085EA50,0
010_80086B8D0,0
010_800886480,0
010_800887A50,0
010_8008D4630,0
010_8008F2C00,0
010_800947560,0
010_80097A080,0
010_8009CF210,0
010_800A74300,0
010_800A752D0,0
010_800A87F40,0
010_800A8A8A0,0
010_800A9BD20,0
010_800ABE1E0,0
010_800AC30B0,0
010_800AF94E0,0
010_800B45480,0
010_800BA2EC0,0
010_800BC8650,0
010_800BD2710,0
010_800BD8D00,0
010_800BDE3C0,0
010_800C12BA0,0
010_800C39120,0
010_800CB4C90,0
010_800CC47C0,0
010_800CDC6E0,0
010_800CF8C40,0
010_800D07DB0,0
010_800D264D0,0
010_800D3D2C0,0
010_800E88990,0
010_800EE5950,0
010_800EF93E0,0
010_800F03AF0,0
010_800F0AEC0,0
010_800F16B90,0
010_800F1CDB0,0
010_800F3FB90,0
010_800F4D2C0,0
010_800FC09F0,0
010_800FC60F0,0
010_8010AC7B0,0
010_8010B1B20,0
010_8010E7A90,0
010_801119AC0,0
010_80112F500,0
010_80112F550,0
010_801139730,0
010_8011D5060,0
010_801231E70,0
010_8012DFC10,0
010_8012EA070,0
010_8013707A0,0
010_801390E60,0
010_8013CB470,0
010_801611170,0
010_80163EBC0,0
010_801684AC0,0
010_8016BBF40,0
010_8016CA970,0
010_801794CA0,0
010_8017BDF20,0
010_801922C80,0
010_801930170,0
010_801AB96A0,0
010_801AD4D10,0
010_801C346E0,0
010_801CAB360,0
010_801CBD700,0
010_801CE0DB0,0
010_801D38370,0
010_801D4A5B0,0
010_80FCBD6E0,0
010_81327D080,0
010_813A132D0,0
0110603_806872CD0,0
0110603_813857290,0
0110836_80E2F9BB0,0
011107_80066A1E0,0
011107_800673760,0
011107_8006A5C40,0
011107_8006B6550,0
011107_8006CFF30,0
011107_800700EA0,0
011107_800701C20,0
011107_8007125A0,0
011107_800755E80,0
011107_80077D920,0
011107_800825030,0
011107_800849AD0,0
011107_80084CDF0,0
011107_80085A470,0
011107_8008EB8E0,0
011107_8009543A0,0
011107_800A4A8F0,0
011107_800AF8AD0,0
011107_800B18660,0
011107_800B1EA70,0
011107_800BD8CB0,0
011107_800BE4F80,0
011107_800C49420,0
011107_800C544F0,0
011107_800C9D7A0,0
011107_800CD3C40,0
011107_800D4A880,0
011107_800D7A9B0,0
011107_800D7B220,0
011107_800E8B320,0
011107_800EAFF20,0
011107_800F45D80,0
011107_801012070,0
011107_8010F2530,0
011107_8011DDCD0,0
011107_801364980,0
011107_8013AC690,0
011107_8014F2A10,0
011107_80155FE70,0
011107_8015BB260,0
011107_8016CB770,0
011107_8016EFE30,0
011107_801755930,0
011107_80176BD70,0
011107_801873FA0,0
011107_801B63140,0
011107_801C41520,0
011107_801CB54E0,0
011107_80201F370,0
011107_8021E1120,0
0111425_804601BE0,0
0111425_814456430,0
0111443_809C89320,0
0111443_810705C20,0
0111491_806AE53B0,0
011157_8003A69F0,0
011157_8006CCDC0,0
011157_8006DB6D0,0
011157_8006EC4E0,0
011157_8006F0580,1
011157_80074F9C0,0
011157_800750570,0
011157_800781F80,0
011157_8007B2670,0
011157_8007FFB30,0
011157_8008053E0,0
011157_800821570,0
011157_800824A00,0
011157_80082E940,0
011157_800879120,0
011157_800879820,0
011157_80089AEC0,0
011157_80089EC60,0
011157_8008A5CA0,0
011157_800934020,0
011157_800944650,0
011157_8009F4820,0
011157_800A4D210,0
011157_800A6E8F0,0
011157_800A7A460,0
011157_800D25530,0
011157_800DB9010,0
011157_800EC0190,0
011157_800EE83B0,0
011157_800F032D0,0
011157_800FA3740,0
011157_80100F450,0
011157_80113AB00,0
011157_8011677F0,0
011157_80116E640,0
011157_8011BA370,0
011157_8012BE580,0
011157_80135FFC0,0
011157_8013CBC30,0
011157_8015A0CE0,0
011157_8015F59A0,0
011157_801623480,0
011157_801700FC0,0
011157_8017CDC40,0
011157_801805A90,0
011157_80188DF20,0
011157_8018A1BE0,0
011157_8019414B0,0
011157_801CE8770,0
0111631_806457AC0,0
0111764_8055FB0C0,0
0111764_8082250C0,0
0111764_80A4CC670,0
011296_8007A88C0,0
011296_8007B7A80,0
011296_800800560,0
011296_800808EB0,0
011296_80080C970,0
011296_80083E3D0,0
011296_80086A120,0
011296_800889C10,0
011296_8008C93E0,0
011296_8008D56E0,0
011296_8008D65C0,0
011296_800972E60,0
011296_8009AA310,0
011296_8009F5560,0
011296_800A818F0,0
011296_800A8C540,0
011296_800ABDA80,0
011296_800B19B30,0
011296_800B72820,0
011296_800BA8CD0,0
011296_800BB83A0,0
011296_800BE5810,0
011296_800BFEFA0,0
011296_800C08740,0
011296_800C08C30,0
011296_800C203F0,0
011296_800CA1E20,0
011296_800CB09A0,0
011296_800D47790,0
011296_800D9ACD0,0
011296_800EBD5B0,0
011296_800F534B0,0
011296_800FB0580,0
011296_800FC8730,0
011296_8010DA4F0,0
011296_8010F1870,0
011296_801116930,0
011296_801127C00,0
011296_80115B9B0,0
011296_8012BADD0,0
011296_8012D8F30,0
011296_801375EB0,0
011296_8013853F0,0
011296_801416D30,0
011296_8015CD5C0,0
011296_8016448B0,0
011296_8016ABA80,0
011296_8016B5BC0,0
011296_801705E20,0
011296_8017C52F0,0
011296_801895CE0,0
011296_80199B180,0
011296_801A0C9E0,0
011296_801AD97C0,0
011296_801CF45A0,0
011296_801E22120,0
011296_8021E2D70,0
011296_8021E2D71,0
011296_803D25610,0
011296_805D8EFA0,0
011296_8132AD2A0,0
011296_813901FA0,0
011318_8008228E0,0
011318_800825E00,0
011318_800836F80,1
011318_800848860,0
011318_800853D50,0
011318_80087D580,0
011318_800A50A30,0
011318_800AD0530,0
011318_800AD6650,0
011318_800B106F0,0
011318_800B34E90,0
011318_800BFBB80,0
011318_800C3E6C0,0
011318_800C48710,0
011318_800C4B390,0
011318_800C51010,0
011318_800CCF200,0
011318_800D482B0,0
011318_800D5FCF0,0
011318_800EBD250,0
011318_800F6C0E0,0
011318_800FBDB10,0
011318_800FCAFE0,0
011318_80100DB30,0
011318_80108CE20,0
011318_801175550,0
011318_801189980,0
011318_8011A0DB0,0
011318_8011A8F60,0
011318_80135C360,0
011318_8013829C0,0
011318_80155CC50,0
011318_8015B96A0,0
011318_80164B7E0,0
011318_8016A6630,0
011318_801758600,0
011318_801786A90,0
011318_8017A9A70,0
011318_801BAF9A0,0
011318_8039BB8E0,0
011318_804978960,0
011318_811D62F20,0
0113685_807C0C770,0
0113744_808C99840,0
0113744_8091CF1C0,0
0113744_8106E08D0,0
0113865_80588FD60,0
011405_8009351B0,0
011405_80094BC20,0
011405_800A83420,0
011405_800A99EB0,0
011405_800AF2030,0
011405_800B1B3C0,0
011405_800B7C970,0
011405_800B7D000,0
011405_800BA4F00,0
011405_800BCC980,0
011405_800BEDF30,0
011405_800D706B0,0
011405_800D74630,0
011405_800DA2DB0,0
011405_800DC1340,0
011405_800E33C50,0
011405_800E98680,0
011405_800EE6B70,0
011405_800F614F0,0
011405_800F712D0,0
011405_800F7DE90,0
011405_801092AE0,0
011405_80111C7E0,0
011405_80111CCE0,0
011405_801128170,0
011405_8011510B0,0
011405_8012483F0,0
011405_801253D80,0
011405_801271440,0
011405_8014612E0,0
011405_8014EFB60,0
011405_8014F8C50,0
011405_8015EDD30,0
011405_8015F1A90,0
011405_8016A5050,0
011405_801794F40,0
011405_80179B570,0
011405_801973630,0
011405_801989B30,0
011405_801B62580,0
011405_801C41790,0
011405_801DD8230,0
011405_801FEA530,0
011405_802026EB0,0
011405_8024EB6D0,0
0114674_80BDD0A40,0
0114674_8122EA130,0
011471_8009D7BA0,0
011471_8009F8780,0
011471_800A4F2F0,0
011471_800A61D80,0
011471_800A70BD0,0
011471_800A87C60,0
011471_800B29CC0,0
011471_800B29F90,0
011471_800B448E0,0
011471_800B620B0,0
011471_800C0BB40,0
011471_800C26050,0
011471_800C29D80,0
011471_800C31600,0
011471_800C48760,0
011471_800C4BB70,0
011471_800F17510,0
011471_800F9C9D0,0
011471_800FA28B0,0
011471_800FB38F0,0
011471_80108C7C0,0
011471_801115740,0
011471_80124E510,0
011471_8012C7DA0,0
011471_801327EB0,0
011471_801385440,0
011471_801753870,0
011471_80177F6E0,0
011471_801875280,0
011471_8018D2600,0
011471_801AA4B90,0
011471_801C31530,0
011471_801C35040,0
011471_801D292B0,0
011471_801D47530,0
011471_801E08420,0
011471_80203D960,0
011471_8021B75D0,0
011471_806860160,0
011471_809218620,0
011471_80AED7DF0,0
011474_8008A3EF0,0
011474_8008E5E80,0
011474_800957C70,0
011474_800957CC0,0
011474_800A27E60,0
011474_800A6DFF0,0
011474_800AC9400,0
011474_800ACD1F0,0
011474_800B03330,0
011474_800B17AA0,0
011474_800B257A0,0
011474_800B331A0,0
011474_800B52630,0
011474_800BA40C0,0
011474_800BB2D20,0
011474_800C42830,0
011474_800CAF370,0
011474_800D36000,0
011474_800D45800,0
011474_800DED130,0
011474_800E61F90,0
011474_800E9C860,0
011474_800F63960,0
011474_800FADAB0,0
011474_800FFAAC0,0
011474_8010B2150,0
011474_8010ECCA0,0
011474_80110DB40,0
011474_80111CA00,0
011474_80131ACE0,0
011474_8014553A0,0
011474_8015E16A0,0
011474_8016A3510,0
011474_801737500,0
011474_801776940,0
011474_80188B6E0,0
011474_8019761F0,0
011474_801A36EE0,0
011474_801A59430,0
011474_801A63330,0
011474_801AC78A0,0
011474_801D4EBC0,0
011474_801D783F0,0
011474_80201F9B0,0
011474_808AE4C60,0
0115159_8066E6180,0
0115159_806AD1670,0
0115159_809543850,0
0115159_812D3EE40,0
0115249_8135C7DC0,0
0115359_806FF83D0,0
0115359_813D75FC0,0
0115363_80824F7D0,0
0115363_81327AF60,0
0115700_80AB52340,0
0115700_80E66AAB0,0
0115915_8088835E0,0
0115915_80DD77B20,0
0116214_80A587CF0,0
0116715_809E76670,0
0116715_80B8199E0,0
0117299_80FB16910,0
0117299_810C0C8E0,0
011813_800A8E7B0,0
011813_800ACABE0,0
011813_800B0DBA0,0
011813_800C0DD10,0
011813_800CAEC60,0
011813_800CCEF20,0
011813_800D0F970,0
011813_800D280B0,0
011813_800D2E3F0,0
011813_800DCC920,0
011813_800F22880,0
011813_800F609E0,0
011813_800F66260,0
011813_800FC1650,0
011813_8011305D0,0
011813_80116AB90,0
011813_8011757C0,0
011813_801317E30,0
011813_801376750,0
011813_801391580,0
011813_801646480,0
011813_801650530,0
011813_8017088B0,0
011813_80175ABC0,0
011813_80177C840,0
011813_80197CED0,0
011813_8019AC410,0
011813_801A5FB40,0
011813_801DBB910,0
011813_802009430,0
011813_80344F540,0
011813_808981730,0
011813_80E119380,0
011852_8088CF6C0,0
011904_800C99B30,0
011904_800CE3930,0
011904_800D6F840,0
011904_800DB8320,0
011904_800DFAA80,0
011904_800E3DD60,0
011904_800E734F0,0
011904_800F54220,0
011904_800F5D790,0
011904_800FFB1E0,0
011904_801097EB0,0
011904_8010DC260,0
011904_80115EF20,0
011904_801291DE0,0
011904_8012E7F50,0
011904_8012ED370,0
011904_801606130,0
011904_8016BC320,0
011904_8016D59A0,0
011904_801718B70,0
011904_80171D0C0,0
011904_8017A8630,0
011904_8018A2C80,0
011904_801954920,0
011904_801A62110,0
011904_801E9EB70,0
011904_801F60000,0
011904_801F7E8A0,0
011904_806B74810,0
011904_80A059840,0
011904_80C762F00,0
011904_810C09030,0
011974_800BDD970,0
011974_800C0D0C0,0
011974_800C365B0,0
011974_800CD5840,0
011974_800D975D0,0
011974_800DDCBF0,0
011974_800E81FE0,0
011974_800EA1D60,0
011974_8010AE030,0
011974_80112A7C0,0
011974_8011A6750,0
011974_80132C6F0,0
011974_801336650,0
011974_8013DE250,0
011974_80148F1C0,0
011974_8014D50E0,0
011974_8019AB2E0,0
011974_801A24280,0
011974_801A6EBA0,0
011974_801BB89D0,0
011974_801D6B0A0,0
011974_801DCA650,0
011974_8021BA7C0,0
011974_805837910,0
011974_80FD9F9F0,0
011_80064C9B0,0
0120046_80DFA4640,0
0120046_8145B1450,0
0120438_808565810,0
0120438_80C902FB0,0
0120627_809CACDF0,0
0120627_80A0E52A0,0
0120766_808D4FFD0,0
0121303_80A3C7390,0
0121303_80D1ECBA0,0
0121303_80E2754A0,0
0121358_80A847ED0,0
0121453_809687070,0
0122080_80D216330,0
0122151_80A325740,0
0123102_80B8D4F20,0
0123288_810AF9C90,0
012381_800E866B0,0
012381_800F6DE60,0
012381_800F78080,0
012381_800F990A0,0
012381_800FC0970,0
012381_80119B6C0,0
012381_8011D5770,0
012381_801318F70,0
012381_8013F5470,0
012381_8014542C0,0
012381_801463B80,0
012381_80153CB40,0
012381_8015FBAA0,0
012381_8015FC7C0,0
012381_801763560,0
012381_8017DB490,0
012381_801807430,0
012381_801887580,0
012381_80196DC00,0
012381_801A016E0,0
012381_801A52080,0
012381_801E914C0,0
012381_802110380,0
012381_802473970,0
012381_813487770,0
0123997_80D38CD10,0
0124290_80F13D7D0,0
0124331_80BDCF2F0,0
0124331_80E1E4F50,0
0125699_80AB17D20,0
0125699_80BA687C0,0
0125906_80A067380,0
0125906_80C2598A0,0
0125906_8135F1560,0
012719_8009BEF40,0
012719_801127100,0
012719_80117CE60,0
012719_8011ED130,0
012719_801225730,0
012719_801271580,0
012719_801271D00,0
012719_80131D600,0
012719_80136FFE0,0
012719_8013746D0,0
012719_8013F4C90,0
012719_8016CC350,0
012719_80177A1B0,0
012719_80179D1F0,0
012719_801952460,0
012719_801B68140,0
012719_801B8FB10,0
012719_801BF5C60,0
012719_801CE6EC0,0
012719_801D44C00,0
012719_801E7CC90,0
012719_801F81980,0
012719_8056A3FC0,0
012735_800AFA280,0
012735_80108D130,0
012735_8010ED5A0,0
012735_801192EA0,0
012735_8011ED8E0,0
012735_80121E370,0
012735_801260570,0
012735_8012C5D00,0
012735_801616E80,0
012735_80163A730,0
012735_8017108B0,0
012735_8017AA240,0
012735_801D696C0,0
012735_801F80EA0,0
012735_801FA9ED0,0
012735_80200E810,0
012735_80202D1E0,0
012735_802332620,0
012735_805DE7630,0
012735_8086190E0,0
012735_80B34C330,0
0127390_80AC4D8F0,0
0127390_81040BE70,0
0127760_80D45C9F0,0
0128684_80A93B110,0
0128684_813539070,0
01292_800174800,0
01292_800188040,0
01292_80018F970,0
01292_80018F9C0,0
01292_80019AAF0,0
01292_8001A5A50,0
01292_8001A9700,0
01292_8001AC2A0,0
01292_8001B5340,0
01292_8001CA830,0
01292_8001D1B40,0
01292_8001DDB60,0
01292_8001DE200,0
01292_8001E1C50,0
01292_8001E6D40,0
01292_8001E95B0,0
01292_800213AD0,0
01292_8002390F0,0
01292_8002BAB10,0
01292_8002C2DE0,0
01292_8002D6970,0
01292_800300A30,0
01292_80030A0D0,0
01292_80032B330,0
01292_800393D40,0
01292_8003AEA10,0
01292_8003BCBB0,0
01292_8003BCF50,0
01292_8003BF640,0
01292_8003CC810,0
01292_8004110B0,0
01292_8004191B0,0
01292_8004203B0,0
01292_800432260,0
01292_800432650,0
01292_80043C730,0
01292_8004572B0,0
01292_8004661C0,0
01292_80046C200,0
01292_800483630,0
01292_8004839B0,0
01292_800484420,0
01292_8004872A0,0
01292_80049C1E0,0
01292_8004AC820,0
01292_8004C7010,0
01292_8004DE870,0
01292_8004E4A00,0
01292_8005BD570,0
01292_8005C97D0,0
01292_8005CD2C0,0
01292_8005E0460,0
01292_8005F0950,1
01292_8005F9110,0
01292_8006452E0,0
01292_80064D0F0,0
01292_80064D1E0,0
01292_80066C810,0
01292_800681A40,0
01292_80068F0A0,0
01292_8006A3890,0
01292_8006B02A0,0
01292_8006DA840,0
01292_8006DC5F0,0
01292_8006EC1E0,0
01292_8006F8520,0
01292_800712830,0
01292_80072A1F0,0
01292_800753A10,0
01292_800761C60,0
01292_80076BE80,0
01292_800795C60,0
01292_800796300,0
01292_800804B60,0
01292_800827DE0,0
01292_8008492C0,0
01292_80087CBA0,0
01292_80093D140,0
01292_800A12610,0
01292_800A69D20,0
01292_800A89B40,0
01292_800A8E2B0,0
01292_800B15F30,0
01292_800B238A0,0
01292_800B2CFF0,0
01292_800B36C10,0
01292_800BB9840,0
01292_800C15270,0
01292_800C38CA0,0
01292_800D1CB70,0
01292_800DAF690,0
01292_800E49F10,0
01292_800E91830,0
01292_800FBEF60,0
01292_800FFD400,0
01292_8010D3D90,0
01292_80114F920,0
01292_801151640,0
01292_801175E60,0
01292_80118C7C0,0
01292_80124F020,0
01292_8012558D0,0
01292_801287D50,0
01292_8012E3DF0,0
01292_80130A2E0,0
01292_80170B9F0,0
01292_80176FCD0,0
01292_801AA6310,0
01292_801BB6EE0,0
01292_801F32440,0
01292_801F788B0,0
01292_802206590,0
01292_8032D9B80,0
01292_806E96100,0
0129470_80B3DE020,0
0129470_80D959CE0,0
012_800043C00,0
012_800054B70,0
012_800056E00,0
012_80005D3B0,0
012_80005E9C0,0
012_8000EC280,0
012_8000F42A0,0
012_8000F7C60,0
012_800105F00,0
012_800106D00,0
012_80010C340,0
012_80010F6E0,0
012_800110F70,0
012_800117590,0
012_80012A760,0
012_80012FE00,0
012_800131B10,0
012_800132080,0
012_800132EC0,0
012_800135E30,0
012_800137450,0
012_80013BCB0,0
012_800145390,0
012_800146B60,0
012_8001473E0,0
012_800150F20,0
012_8001744E0,0
012_800188800,0
012_80018B2C0,0
012_80018EE40,0
012_80019F000,0
012_8001A4930,0
012_8001A8CC0,0
012_8001A8EB0,0
012_8001CB7C0,0
012_8001CF680,0
012_8001DAB60,0
012_8001E0160,0
012_8001F1B20,0
012_8001F2380,0
012_8001F5E90,0
012_8001F60D0,0
012_800229520,0
012_80022A0B0,0
012_80022A3F0,0
012_80022B750,0
012_80024D4F0,0
012_800258480,0
012_80025BBB0,0
012_80025CBF0,0
012_800268C40,0
012_80028C360,0
012_80028D320,0
012_8002B7510,0
012_8002B7700,0
012_8002BB390,0
012_8002C8CC0,0
012_8002C9600,0
012_8002FC5B0,0
012_800303130,0
012_800308AB0,0
012_80033BF20,0
012_80033C880,0
012_800388920,0
012_8003C1FA0,0
012_8003DA180,0
012_8003DFF30,0
012_8003EC930,0
012_8003FB470,0
012_800409CB0,0
012_8004169A0,0
012_800443850,0
012_800473570,0
012_800479D90,0
012_80049E450,0
012_8004B08C0,0
012_8004B9AE0,0
012_8004BD7D0,0
012_8004E7AF0,0
012_800506810,0
012_800516CA0,0
012_80052F960,0
012_80053AB90,0
012_800542F90,0
012_800545EA0,0
012_800570F70,0
012_800577BD0,0
012_80058C030,0
012_8005BC1D0,0
012_8005C0F70,0
012_8005D0510,0
012_8005D5930,0
012_80060E900,0
012_800616F50,0
012_8006248A0,0
012_8006455A0,0
012_8006583C0,0
012_800667C50,0
012_800677950,0
012_80068A1B0,0
012_80068A3F0,0
012_8006FDC70,0
012_800730020,0
012_80073B850,0
012_80078B2E0,0
012_80080F180,0
012_800818510,0
012_800888340,0
012_8008BE7A0,0
012_8008CB4D0,0
012_8008CC780,0
012_800A498A0,0
012_800B29740,0
012_800BD1990,0
012_800C0D250,0
012_800C37E20,0
012_800CA4130,0
012_800DB82D0,0
012_800E2D730,0
012_800E98F90,0
012_800EBE3E0,0
012_800EEECD0,0
012_8010B15E0,0
012_8012AFA10,0
012_80141ED50,0
012_801430680,0
012_8015D6E80,0
012_8015F3BC0,0
012_8016159C0,0
012_80161AAC0,0
012_8017001D0,0
012_80184A560,0
012_80188FF50,0
012_8019655F0,0
012_801968850,0
012_801AB3430,0
012_801B4D0D0,0
012_801EB69B0,0
012_80974B620,0
0130169_812F99E90,0
0130342_80B394DF0,0
0130342_811CE0260,0
0130342_812A3BC30,0
0130342_8136FABB0,0
013037_801268320,0
013037_801286470,0
013037_8012B08B0,0
013037_8012BC540,0
013037_8012F00C0,0
013037_801304E80,0
013037_801339E50,0
013037_80133CE20,0
013037_80133DEE0,0
013037_801365500,0
013037_8013DA580,0
013037_801460B00,0
013037_801486C40,0
013037_80163C670,0
013037_80165F1F0,0
013037_801873B00,0
013037_8018A61B0,0
013037_80191C2F0,0
013037_80199C3D0,0
013037_8019A9770,0
013037_801A75100,0
013037_801B626C0,0
013037_801B78610,0
013037_801B7B1F0,0
013037_801CF9DE0,0
013037_801CFF760,0
013037_801D01AB0,0
013037_801E41640,0
013037_801EA4B30,0
013037_801FCAB10,0
013037_801FED560,0
013037_8021DB810,0
013037_80485EDF0,0
013037_8058BD9B0,0
013037_805B34210,0
013037_812F3B060,0
0130435_8112C3330,0
0130435_81329EB20,0
0130449_80D43EB50,0
0130449_8138721A0,0
0130584_8101ED130,0
0130596_80D03D190,0
0130596_80D9E7810,0
0130637_80BD58C30,0
0130637_80D8BE430,0
0130864_80F4F89B0,0
0130864_812B48BF0,0
0131326_80D6D9400,0
0131326_811340170,0
013145_8012A4E20,0
013145_8012DB5D0,0
013145_8012E2C10,0
013145_801319860,0
013145_80131EDA0,0
013145_80141B640,0
013145_80146AF70,0
013145_8014F1F90,0
013145_8015DACE0,0
013145_8015E6B80,0
013145_801661A40,0
013145_8016D3680,0
013145_80170AC90,0
013145_80199EEB0,0
013145_8019BFC70,0
013145_801A9ED00,0
013145_801D4C4D0,0
013145_801F8A6E0,0
013145_803195830,0
013145_808109CE0,0
0132306_810273410,0
0132499_811038000,0
0132523_812FAA9D0,0
013264_801232090,0
013264_80136C2A0,0
013264_80137F860,0
013264_801419730,0
013264_801521420,0
013264_801610570,0
013264_80163A330,0
013264_8017A7040,0
013264_801929EF0,0
013264_801D020E0,0
013264_801F8CC60,0
013264_80208B270,0
013264_80220EBE0,0
013264_8045CF730,0
013264_80BFB8190,0
0132722_80FF2FE50,0
0132921_80C340AA0,0
0132923_80D653190,0
013327_8013EA470,0
013327_801416C40,0
013327_8014F0730,0
013327_8015636B0,0
013327_801563700,0
013327_801565A50,0
013327_801567530,0
013327_8015F1670,0
013327_8016BA470,0
013327_801706FF0,0
013327_801833320,0
013327_801976DC0,0
013327_801C4CFA0,0
013327_801C53340,0
013327_801EA3410,0
013327_802B5A350,0
013327_802C423C0,0
013327_803044CB0,0
013327_8032A3E00,0
013327_805299F40,0
013327_810B0FB40,0
013554_801E8C270,0
0136012_812BC5BC0,0
01362_8001BD900,0
01362_8001E0F10,0
01362_8001EDB30,0
01362_80021BEC0,0
01362_80024FAA0,0
01362_800252EE0,0
01362_800256180,0
01362_8002589A0,0
01362_80025B860,0
01362_80025B861,0
01362_800261150,0
01362_80026ADF0,0
01362_8002BCA10,0
01362_8002D6440,0
01362_800306200,0
01362_800307690,0
01362_80030A870,0
01362_800335010,0
01362_800337730,0
01362_80033B380,0
01362_800345B50,0
01362_80034C6F0,0
01362_80034DF70,0
01362_80038CCB0,0
01362_80039D420,0
01362_8003A2200,0
01362_8003D3C10,0
01362_8003D80B0,0
01362_800425BD0,0
01362_800428E90,0
01362_800431800,0
01362_80046D850,0
01362_800473DC0,0
01362_800477940,0
01362_800485CA0,0
01362_800493750,0
01362_8004CA3C0,0
01362_80053C0B0,0
01362_8005A7AA0,0
01362_8005BA810,0
01362_8005F6B00,0
01362_80066D000,0
01362_800685560,0
01362_80068B350,0
01362_800696660,0
01362_8006A9110,0
01362_8006B40D0,0
01362_8006C9D30,0
01362_800750030,0
01362_80075DF40,0
01362_80075FF90,0
01362_80076DF70,0
01362_800771340,0
01362_8007869B0,0
01362_80078DB00,0
01362_8007ACE10,0
01362_800826BA0,0
01362_80083DB40,0
01362_800847EC0,0
01362_80089D390,0
01362_80089E640,0
01362_8008FEA00,0
01362_800918FB0,0
01362_800994F60,0
01362_800AFDD50,0
01362_800BB6560,0
01362_800BDDBD0,0
01362_800C7E850,0
01362_800CB9F30,0
01362_800CCABE0,0
01362_800CEA850,1
01362_800D35590,0
01362_800D996E0,0
01362_800E512B0,0
01362_800F43E10,0
01362_800FB3940,0
01362_800FB5B40,0
01362_8010D7100,0
01362_8010D9850,0
01362_8010EEE20,0
01362_8012432B0,0
01362_801314930,0
01362_8015F0C10,0
01362_801619BC0,0
01362_801725AF0,0
01362_8017A3170,0
01362_801856980,0
01362_80192EC10,0
01362_801984B10,0
01362_801992620,0
01362_801A3B820,0
01362_801B74710,0
01362_801E523D0,0
01362_80201EE50,0
0136519_813C0A010,0
0136651_810511BE0,0
0137002_813549080,0
0137446_80DDDB630,0
0137766_8136B6F80,0
0137888_80FBF6C00,0
0138105_80E66B020,0
0140020_811CED4A0,0
0140561_80F082190,0
014077_801805B30,0
014077_8018A3F90,0
014077_801964B20,0
014077_80197BBF0,0
014077_8019FE840,0
014077_801A89590,0
014077_801CA87E0,0
014077_801DA3E20,0
014077_802088C50,0
014077_80221E8C0,0
014077_80B6B8C00,0
014099_80188E930,0
014099_8018A89C0,0
014099_80192B0B0,0
014099_8019DB1F0,0
014099_801A66B50,0
014099_801AD8290,0
014099_801CEFD30,0
014099_801DA2DA0,0
014099_801DC75F0,0
014099_802105D40,0
014099_802684880,0
014099_808BA14D0,0
014099_80A9BEF10,0
0141690_810220D10,0
01420_80024CDE0,0
01420_800251370,0
01420_800251BB0,0
01420_80025AF90,0
01420_8002B9DE0,0
01420_8002ED740,0
01420_8002FD7B0,0
01420_8003093C0,0
01420_8003093C1,0
01420_8003223B0,0
01420_80033FC50,0
01420_80038B700,0
01420_80038DF80,0
01420_80039DBE0,0
01420_8003A9EB0,0
01420_8003AD860,0
01420_8003B8750,0
01420_8003BA850,0
01420_8003C1000,0
01420_8003CF480,0
01420_8003D4A30,0
01420_8003D51D0,0
01420_8003D7720,0
01420_8003DBCB0,0
01420_8003E3C00,0
01420_8003F1520,0
01420_8003F3510,0
01420_800404E00,0
01420_80042A430,0
01420_8004330D0,0
01420_80044D100,0
01420_8004503C0,0
01420_80045DBA0,0
01420_800465FE0,0
01420_80047EA20,0
01420_800491CA0,0
01420_80049EB50,0
01420_8004ACF20,0
01420_8004B5AB0,0
01420_8004E3590,0
01420_800543910,0
01420_800596F80,0
01420_8005987F0,0
01420_8005BD8D0,0
01420_8005F4D50,0
01420_8005FD390,0
01420_8006223B0,0
01420_8006308C0,0
01420_800632040,0
01420_80064AB30,0
01420_8006524E0,0
01420_800655190,0
01420_8006551E0,0
01420_800661420,0
01420_80066BB90,0
01420_80066E0D0,0
01420_800685230,0
01420_8006A3840,0
01420_8006B19B0,0
01420_8006E7F10,0
01420_8006FE210,0
01420_800736020,0
01420_800782AB0,0
01420_8007AA7A0,0
01420_8007AAC90,0
01420_8008202D0,0
01420_800832520,0
01420_80083CDE0,0
01420_80087FBA0,0
01420_800919A90,0
01420_80096EA40,0
01420_800A70E10,0
01420_800AFD270,0
01420_800B1B500,0
01420_800BC58A0,0
01420_800CE7540,0
01420_800D30C40,0
01420_800D6B660,0
01420_800DC2660,0
01420_800DD6EE0,0
01420_800E73D00,0
01420_800F131B0,0
01420_801008520,0
01420_8010098B0,0
01420_801181ED0,0
01420_8011B6FB0,0
01420_8011EE3C0,0
01420_801267E00,0
01420_801337D60,0
01420_801485B70,0
01420_8015E0B60,0
01420_801612640,0
01420_8016D1830,0
01420_801702EB0,0
01420_8017155B0,0
01420_80175A080,0
01420_80175A4D0,0
01420_801763600,0
01420_8017B9790,0
01420_80187D410,0
01420_801A9AFD0,0
01420_801BD74E0,0
01420_801C35F70,0
01420_801CB5890,0
01420_8020AEA40,0
01420_808786B10,0
0142553_812FE62D0,0
0142973_8110BC990,0
014325_801A10B90,0
014325_801A56BD0,0
014325_801AB6BE0,0
014325_801B34240,0
014325_801C34950,0
014325_801E8D760,0
014325_802116F80,0
014325_8021C7300,0
014325_80220E170,0
014325_8139777C0,0
0143995_813600910,0
014433_801CA7940,0
014433_801E8AB80,0
014433_801EC29F0,0
014433_801F85240,0
014433_802250040,0
014433_806950F70,0
014433_807CBB290,0
014433_80B224D10,0
0145175_811B16230,0
014549_801A92D30,0
014549_801B60340,0
014549_801CC5920,0
014549_801E18190,0
014549_801E90280,0
014549_801F6CDB0,0
014549_8025612B0,0
01467_8001ED3D0,0
01467_80027F1C0,0
01467_8002D6C00,0
01467_80032BCD0,0
01467_80032E240,0
01467_80038D0D0,0
01467_8003ADF40,0
01467_8003BD2B0,0
01467_8003C8AE0,0
01467_8003CC3A0,0
01467_8003E2010,0
01467_8003E6470,0
01467_8003F6C80,0
01467_8003F71E0,0
01467_8004130C0,0
01467_800414A40,0
01467_80041A5A0,0
01467_80041C090,0
01467_800485140,0
01467_80049D890,0
01467_8004B0D10,0
01467_8004DF350,0
01467_800534CB0,0
01467_800596880,0
01467_8005B1AC0,0
01467_8005B60B0,0
01467_8005CA160,0
01467_8005CC8D0,0
01467_8005DC930,0
01467_8005F2F80,0
01467_80064E6A0,0
01467_800689960,0
01467_800714800,0
01467_8007594B0,0
01467_80076B320,0
01467_80088E300,0
01467_8008C3BE0,0
01467_8008D8970,0
01467_8009465F0,0
01467_800955EE0,0
01467_800A5A020,0
01467_800A8BEB0,0
01467_800A9AF40,0
01467_800B16C80,0
01467_800B906E0,0
01467_800BAAB00,0
01467_800BE2B60,0
01467_800CA37B0,0
01467_800D10B40,0
01467_800D21E00,0
01467_800D32BB0,0
01467_800D99200,0
01467_800DCDD30,0
01467_800DF3690,0
01467_800E4EEB0,0
01467_8010015D0,0
01467_801008340,0
01467_8010D59C0,0
01467_8010F1670,0
01467_8011A1610,0
01467_801227620,0
01467_80122A230,0
01467_8013707F0,0
01467_8017D8FD0,0
01467_801895250,0
01467_8018B9D00,0
01467_801A1D830,0
01467_801A518B0,0
01467_801AD9DE0,0
01467_801CEAAB0,0
01467_801CEF900,0
01467_801D4A330,0
01467_801D64EB0,0
01467_801DA23B0,0
01467_801E416E0,0
01467_801E9C920,0
01467_801F84BA0,0
01467_8020AFCC0,0
01467_80220B5D0,0
01467_8038BA630,0
01467_80C0F21E0,0
01467_810DB8F80,0
01467_81276A970,0
0147241_8141F2700,0
015723_802201130,0
015723_80339CAB0,0
015723_8051B9F40,0
015723_8065002B0,0
015723_80D4FBB70,0
01588_800325CC0,0
01588_80032D460,0
01588_80032DA20,0
01588_80032E6E0,0
01588_8003387C0,0
01588_80034DC00,0
01588_800389460,0
01588_80038BA70,0
01588_8003A5320,0
01588_8003AC470,0
01588_8003AC471,0
01588_8003BEB90,0
01588_8003C0700,0
01588_8003E2690,0
01588_8003F1120,0
01588_8004051F0,0
01588_800411380,0
01588_800425D10,0
01588_80045F230,0
01588_80049EBA0,0
01588_8004C73A0,0
01588_800531000,0
01588_800544D40,0
01588_80056E9D0,0
01588_800574B50,0
01588_800579D00,0
01588_80058C170,0
01588_800595E30,0
01588_8005AF480,0
01588_8005B6150,0
01588_8005DEEC0,0
01588_8005E29E0,0
01588_8005EA570,0
01588_800616090,0
01588_80064CC00,0
01588_800661560,0
01588_80066E310,0
01588_800687FA0,0
01588_80068DD90,0
01588_8006DDC70,0
01588_8006E9720,0
01588_8006ECDD0,0
01588_8006FC0B0,0
01588_8007383F0,0
01588_80073EA10,0
01588_80073EE20,0
01588_800782870,0
01588_80079FE70,0
01588_80080E550,0
01588_8008347F0,0
01588_80083A030,0
01588_800853620,0
01588_8008A2540,0
01588_8008E6680,0
01588_8008F5240,0
01588_800953F80,0
01588_8009C0C30,0
01588_800A755A0,0
01588_800B06A80,0
01588_800B40B60,0
01588_800BA4A50,0
01588_800BC1290,0
01588_800BE5BA0,0
01588_800C627E0,0
01588_800CDE1A0,0
01588_800D41740,0
01588_800F054F0,0
01588_800F4A8E0,0
01588_801095090,0
01588_801244990,0
01588_8012B2D30,0
01588_80160EEB0,0
01588_801651D10,0
01588_80165ECC0,0
01588_8016610F0,0
01588_8016F0E90,0
01588_801728C10,0
01588_80192B4F0,0
01588_80192BFB0,0
01588_801935E90,0
01588_801A872E0,0
01588_801AA53C0,0
01588_801C4E5B0,0
01588_801CE00E0,0
01588_801F5DCA0,0
01588_803E29FE0,0
01588_80A571930,0
01588_81147A620,0
01588_8126B7580,0
015916_803177AF0,0
015916_8087B6440,0
015916_81331E250,0
015980_8031EC240,0
015980_80347D8C0,0
015980_812D47360,0
01601_800328040,0
01601_800335920,0
01601_800335F60,0
01601_800336AD0,0
01601_80033AD80,0
01601_800347980,0
01601_8003479D0,0
01601_80038A310,0
01601_8003AB120,0
01601_8003C6C40,0
01601_8003E8FC0,0
01601_8003E9590,0
01601_8003EB980,0
01601_8003EFE00,0
01601_80041B710,0
01601_80046EDB0,0
01601_800472E90,0
01601_800475C10,0
01601_80047DA80,0
01601_800486BD0,0
01601_8004B59C0,0
01601_8004BE850,0
01601_8005323E0,0
01601_800594AD0,0
01601_8005C9020,0
01601_8005F7CD0,0
01601_8005FF320,0
01601_800631890,0
01601_800663B70,0
01601_8006FE260,0
01601_800779630,0
01601_800793180,0
01601_800800030,0
01601_800806F60,0
01601_8008182E0,0
01601_800828D60,0
01601_80082DBD0,0
01601_80085A200,0
01601_80085B630,0
01601_8009EFBD0,0
01601_800A46440,0
01601_800A52E00,0
01601_800A64DE0,0
01601_800A84E70,0
01601_800AC4930,0
01601_800AC9DD0,0
01601_800AD2A70,0
01601_800B27840,0
01601_800BA6C30,0
01601_800BD1EE0,0
01601_800BEFEF0,0
01601_800C4B9D0,0
01601_800CAC570,0
01601_800CB3900,0
01601_800CBBD10,0
01601_800CC1DC0,0
01601_800CD2990,0
01601_801095F80,0
01601_8010AC9A0,0
01601_8010B6160,0
01601_8010D01B0,0
01601_80111F170,0
01601_80123FB30,0
01601_80136ADB0,0
01601_80137B6B0,0
01601_8014F8260,0
01601_801672670,0
01601_801886BD0,0
01601_801E9CF60,0
01601_8023A78B0,0
01601_802AB5720,0
016031_8121E3300,0
016109_80805A830,0
016136_802534E60,0
016136_80D2864C0,0
016136_81141AEA0,0
016163_803346390,0
016163_80D31EA50,0
016224_808D4F440,0
016224_80B55E9E0,0
016586_80BD22DC0,0
016586_80DF13690,0
016643_803D04BE0,0
01665_8003A4EA0,0
01665_8003B23D0,0
01665_8003C71D0,0
01665_8003CC1B0,0
01665_8003DAEE0,0
01665_8003E2340,0
01665_8003F8640,0
01665_800413D70,0
01665_80041D420,0
01665_8004252D0,0
01665_800451140,0
01665_800456A50,0
01665_8004727B0,0
01665_80047A380,0
01665_8004B1470,0
01665_80054B110,0
01665_80054CAB0,0
01665_8005C7860,0
01665_8005E1AF0,0
01665_8006221B0,0
01665_800650D00,0
01665_80065C8C0,0
01665_80066ABD0,0
01665_8006894C0,0
01665_8006A4A30,0
01665_8006D5B20,0
01665_800706B70,0
01665_80070E120,0
01665_800734770,0
01665_800761870,0
01665_800808C70,0
01665_800827FD0,0
01665_8008AB810,0
01665_800B11980,0
01665_800B1FB30,0
01665_800B7CE10,0
01665_800BC8B50,0
01665_800BC9040,0
01665_800C09560,0
01665_800C0BEA0,0
01665_800C0F890,0
01665_800C9C6E0,0
01665_800CF3440,0
01665_800D2F5C0,0
01665_800D68200,0
01665_800D6A320,0
01665_800DB9FF0,0
01665_800DC6B20,0
01665_800EC20C0,0
01665_800EE68F0,0
01665_800F92540,0
01665_801175370,0
01665_8011ACC60,0
01665_8011EEE40,0
01665_801318500,0
01665_801343030,0
01665_801413D10,0
01665_80152E780,0
01665_801562DF0,0
01665_801562DF1,0
01665_80164F8A0,0
01665_8016DF8B0,0
01665_8016F9050,0
01665_8017B8CA0,0
01665_801A05D90,0
01665_801ADAB50,0
01665_801D056F0,0
01665_801D3FE90,0
01665_803930C20,0
01674_8003BB960,0
01674_8003CE940,0
01674_8003D8C40,0
01674_8003D9AA0,0
01674_8003DA460,0
01674_8003DF6C0,0
01674_8003E2AB0,0
01674_800406D80,0
01674_80040D6C0,0
01674_8004178E0,0
01674_800417BE0,0
01674_80041D720,0
01674_80042F4A0,0
01674_800432D30,0
01674_80044E930,0
01674_8004611E0,0
01674_800463A60,0
01674_800474210,0
01674_80048A490,0
01674_8004B35B0,0
01674_8004C9120,0
01674_80056C190,0
01674_800570160,0
01674_800577DB0,0
01674_80058E070,0
01674_8005A2790,0
01674_8005A6C60,0
01674_8005AE2D0,0
01674_8005BBC40,0
01674_8005D3FC0,0
01674_800618D90,0
01674_8006292E0,0
01674_800629C40,0
01674_800687AC0,0
01674_8006A6CF0,0
01674_800728A20,0
01674_80072E610,0
01674_80072F450,0
01674_800751F90,0
01674_8007951F0,0
01674_8008175A0,0
01674_800818A00,0
01674_80088CFF0,0
01674_800895EA0,0
01674_8008DC100,0
01674_800958560,0
01674_800AC8E30,0
01674_800B0ECF0,0
01674_800B19540,0
01674_800B1B1B0,0
01674_800B1B1B1,0
01674_800BC2F50,0
01674_800BFF190,0
01674_800C625A0,0
01674_800CC4330,0
01674_800D0D0D0,0
01674_800D66310,0
01674_800DFD6E0,0
01674_800F1FEF0,0
01674_800FC8EA0,0
01674_800FFF0B0,0
01674_801009860,0
01674_80113AEB0,0
01674_80114EE50,0
01674_80118A240,0
01674_80122A2D0,0
01674_801365550,0
01674_8015B9650,0
01674_8017C0B90,0
01674_801854830,0
01674_801BE4A70,0
01674_801D0CAC0,0
01674_801E8BA00,0
01674_8021DCB10,0
016788_802C1E540,0
016788_807EC0D90,0
016788_80DA515B0,0
01688_8003EC570,0
01688_8003F3C80,0
01688_8003F93C0,0
01688_800408960,0
01688_800411470,0
01688_800429870,0
01688_8004565C0,0
01688_8004AD370,0
01688_8004B6320,0
01688_8004C82A0,0
01688_80052BB00,0
01688_80054B290,0
01688_8005FD430,0
01688_8005FE4E0,0
01688_800646380,0
01688_800646381,0
01688_80065E800,0
01688_80067FFC0,0
01688_8006CA380,0
01688_8006DD360,0
01688_8006DD361,0
01688_8006E2C50,0
01688_8006E5960,0
01688_8006E91F0,0
01688_8006FF520,0
01688_800704A30,1
01688_80076D770,0
01688_80076E5E0,0
01688_80076E630,0
01688_800801C70,0
01688_80085C770,0
01688_800878710,0
01688_8008CC510,0
01688_8008D0060,0
01688_8008D7850,0
01688_80093DCB0,0
01688_8009580D0,0
01688_8009B6EC0,0
01688_800A3F4C0,0
01688_800A506C0,0
01688_800A943A0,0
01688_800BEF0E0,0
01688_800C631F0,0
01688_800D2EBB0,0
01688_800DCE920,0
01688_800DF1710,0
01688_800E9C5D0,0
01688_800EA42A0,0
01688_800F92040,0
01688_800FB45D0,0
01688_80112DF50,0
01688_8011B5EA0,0
01688_8011BBD20,0
01688_8012C3FC0,0
01688_8013DF9C0,0
01688_80155CCF0,0
01688_8015BD7D0,0
01688_8016473E0,0
01688_801767B10,0
01688_8019B30C0,0
01688_801D21FE0,0
01688_802013CF0,0
01688_8021C6570,0
01688_8021EB600,0
01688_805AC4290,0
017222_802CDB200,0
017222_80378D790,0
017222_8047D49F0,0
017222_80D293FF0,0
01729_8003F5C70,0
01729_800401A80,0
01729_800407D50,0
01729_80040B4F0,0
01729_80040EE80,0
01729_8004267A0,0
01729_80043AE10,0
01729_80047D020,0
01729_80047E590,0
01729_800487250,0
01729_80049CC70,0
01729_8004B25A0,0
01729_8004C97E0,0
01729_8004E3BF0,0
01729_800531050,0
01729_800532D50,0
01729_80054BF00,0
01729_80054C140,0
01729_8005795A0,0
01729_8005D13A0,0
01729_8005D3B30,0
01729_8005F8C10,0
01729_800624230,0
01729_800647EF0,0
01729_800655BC0,0
01729_800658D50,0
01729_8006BA560,0
01729_8006C8B80,0
01729_8006F9290,0
01729_8007005A0,0
01729_800728DF0,0
01729_80077A3C0,0
01729_80077A4B0,0
01729_800791F00,0
01729_800857720,0
01729_8008C1090,0
01729_8008C9D50,0
01729_8008CEDE0,0
01729_80093B4D0,0
01729_80094B670,0
01729_800A5B5D0,0
01729_800A6B6D0,0
01729_800B03470,0
01729_800B12720,0
01729_800B1DC20,0
01729_800B30010,0
01729_800C11560,0
01729_800C473B0,0
01729_800DDC840,0
01729_800E83E70,0
01729_80104A400,0
01729_801130270,0
01729_8011716B0,0
01729_801185960,0
01729_80119B8B0,0
01729_80124BA00,0
01729_8012917A0,0
01729_8012B5980,0
01729_8012CEBA0,0
01729_8012D13C0,0
01729_8012E17A0,0
01729_8012E3240,0
01729_801345B10,0
01729_8013844B0,0
01729_80145AF20,0
01729_8016BBEF0,0
01729_8016FE680,0
01729_8017163D0,0
01729_801D451A0,0
01729_80201AB20,0
01729_8020FFE30,0
01729_802221A60,0
01729_803A56FC0,0
01729_8075CB980,0
01729_807A18070,0
01729_80C35B0E0,0
01729_80C4EEF80,0
01729_812ED71F0,0
017327_803217370,1
017425_803BE9AA0,0
017425_8130055B0,0
017729_802EAF7D0,0
017729_8040A6410,0
017732_803218EA0,0
017732_805EE6660,0
017732_807364D60,0
018015_808CFB1E0,0
018015_80B41A910,0
018015_80B7ED0F0,0
018617_8053BF4A0,0
018617_809C493C0,0
018819_8143927B0,0
018902_8044CE750,0
018902_804C2E3E0,0
019329_803CAA8A0,0
019329_8091EE960,0
019474_80DA6F420,0
019474_80EFEF8B0,0
019535_8085B0650,0
019535_812D88190,0
019729_80C976AC0,0
0210404_8045BE740,0
0210404_80E491E70,0
0210404_813FCF340,0
0211050_80AEF5310,0
0211212_80684C220,0
0211212_809F98410,0
021174_8006A41D0,0
021174_800707BA0,0
021174_800714B20,0
021174_800738670,0
021174_800762C80,0
021174_8007888E0,0
021174_80078FAB0,0
021174_8007D4830,0
021174_800809400,0
021174_80080DE30,0
021174_800812760,0
021174_800814120,0
021174_800824C10,0
021174_800846280,0
021174_8008BD390,0
021174_8008DD950,0
021174_8008F0D20,0
021174_800904EE0,0
021174_8009F0F20,0
021174_800A654C0,0
021174_800A6AEB0,0
021174_800B26190,0
021174_800B27A10,0
021174_800B54E00,0
021174_800B76DD0,0
021174_800B76DD1,0
021174_800C214A0,0
021174_800C2FDB0,0
021174_800C40EA0,0
021174_800C9E200,0
021174_800D717A0,0
021174_800F08F60,0
021174_800F33710,0
021174_8010DAA30,0
021174_8010E8B10,0
021174_8011A3AC0,0
021174_80125A0B0,0
021174_8012BFD70,0
021174_801309590,0
021174_8014D5130,0
021174_8014F6D80,0
021174_80152C780,0
021174_801886770,0
021174_80188C6E0,0
021174_8019FFDC0,0
021174_801A89A50,0
021174_801AC65C0,0
021174_801EB6BA0,0
021174_8020150C0,0
021174_80FE6FA90,0
021258_800757D50,0
021258_800760A40,0
021258_800771390,0
021258_800782410,0
021258_8007915D0,0
021258_80081C7B0,0
021258_800823BA0,0
021258_80083AB10,0
021258_8008FDCA0,0
021258_800980300,0
021258_8009F2140,0
021258_8009F8AC0,0
021258_800A2B060,0
021258_800A66AF0,0
021258_800B5EEF0,0
021258_800BFA6D0,0
021258_800C993F0,0
021258_800CD23A0,0
021258_800D074D0,0
021258_800D2DC00,0
021258_800D38650,0
021258_800D4B340,0
021258_800DB92A0,0
021258_800DC04D0,0
021258_800DCB690,0
021258_800E33AB0,0
021258_800E99650,0
021258_800EC6AF0,0
021258_800F6B280,0
021258_800F72A70,0
021258_800F8CAC0,0
021258_800FBC040,0
021258_800FFC720,0
021258_801049680,0
021258_8010D2DD0,0
021258_80111EA50,0
021258_80111F6A0,0
021258_801128A30,0
021258_801221EC0,0
021258_80125F640,0
021258_8012B9F10,0
021258_8013188D0,0
021258_8016E3400,0
021258_801885EB0,0
021258_801A10290,0
021258_801A3E050,0
021258_801B67EB0,0
021258_801E8D9A0,0
021258_80204AE00,0
021258_80E4AF480,0
0213704_8066C6A50,0
0213704_806A81320,0
0213704_808ED71C0,0
0213704_80AE2D530,0
0213952_806C5F540,0
0214609_8111E8C40,0
0214615_806859720,0
0214615_806E8B0B0,0
0214615_812914CC0,0
0214621_806068A60,0
0214621_813985A30,0
0215064_8061BF660,0
0215064_8121CF4B0,0
0215266_80B32C6B0,0
0215266_80FDA11A0,0
0215266_8114C9010,0
021550_8008E5900,0
021550_800A01460,0
021550_800A377D0,0
021550_800A43B10,0
021550_800A8CAE0,0
021550_800AD3190,0
021550_800B11BC0,0
021550_800BC2300,0
021550_800C1F660,0
021550_800CC1F50,0
021550_800CDD450,0
021550_800D2CCB0,0
021550_800D335E0,0
021550_800E32760,0
021550_800FA5320,0
021550_800FA6DB0,0
021550_800FA6E00,0
021550_800FBDFA0,0
021550_80100C480,0
021550_801024D90,0
021550_8010B9DE0,0
021550_80112FF40,0
021550_801152DA0,0
021550_80118A3D0,0
021550_8012C9E50,0
021550_801563B70,0
021550_80161AC40,0
021550_801658960,0
021550_801704440,0
021550_80173A800,0
021550_80174A310,0
021550_801775220,0
021550_8017D8860,0
021550_80187A1E0,0
021550_80196D840,0
021550_801A42560,0
021550_801B4CA00,0
021550_801C3C650,0
021550_801D0D1C0,0
021550_801D4D640,0
021550_801DBF470,0
021550_802000490,0
021550_805A031C0,0
021575_8009412A0,0
021575_8009B7F30,0
021575_800A89FB0,0
021575_800AC5E70,0
021575_800AF3530,0
021575_800B24E90,0
021575_800BED460,0
021575_800C03A80,0
021575_800C0C650,0
021575_800C0C651,0
021575_800CADAF0,0
021575_800CB0760,0
021575_800CE1430,0
021575_800D0BFD0,0
021575_800D307B0,0
021575_800DF2C40,0
021575_800E62AC0,0
021575_800E73040,0
021575_800EC68B0,0
021575_800EC7170,0
021575_800F0B380,0
021575_8010A2180,0
021575_80116A270,0
021575_801193470,0
021575_8011B7050,0
021575_8011C2930,0
021575_80136AE00,0
021575_80138D510,0
021575_80139B2D0,0
021575_8016138B0,0
021575_801647920,0
021575_801659930,0
021575_8016D2430,0
021575_801714FA0,0
021575_80176A000,0
021575_8017B8560,0
021575_801858690,0
021575_801882FA0,0
021575_8018961C0,0
021575_801CC5320,0
021575_801DFCA10,0
0215841_808D08D80,0
0215841_80BB3E8B0,0
0215897_80D952950,0
021611_8009BD3D0,0
021611_800A4BA30,0
021611_800A9E6A0,0
021611_800AC9010,0
021611_800AD6B80,0
021611_800AF9FB0,0
021611_800B0BDF0,0
021611_800BD9A30,0
021611_800C583E0,0
021611_800D19380,0
021611_800DBCDE0,0
021611_800E312D0,0
021611_800E83FB0,0
021611_800EB5BE0,0
021611_800F45450,0
021611_800FC8780,0
021611_8010029C0,0
021611_80104A840,0
021611_801155280,0
021611_8011EE0D0,0
021611_801283B70,0
021611_801297B90,0
021611_801321690,0
021611_8014974C0,0
021611_8015CD3D0,0
021611_801665530,0
021611_8016DEDA0,0
021611_801703B90,0
021611_801943840,0
021611_801969180,0
021611_801A77D30,0
021611_801A850B0,0
021611_801B74060,0
021611_801DB5670,0
021611_801E88590,0
021611_801F7F7E0,0
021611_801F862D0,0
021611_8021CDB30,0
021611_807C8C490,0
021611_808FE33A0,0
021611_80D89D2A0,0
021611_80FBEEF10,0
0216645_806C37BA0,0
0216645_808EFCF80,0
0216645_80BA68810,0
0216645_80DE37390,0
021745_802D14950,0
0217680_80A71E710,0
0217680_80C132DC0,0
0217680_80CE69D00,0
0218438_80D216240,0
0218472_806D61160,0
0218472_80B46BC60,0
0218472_811109D10,0
0218885_8070AD210,0
0219184_80A71DC40,0
021940_8005ED8B0,0
021940_800BA9BD0,0
021940_800BCF720,0
021940_800C2E840,0
021940_800C34230,0
021940_800C81A20,0
021940_800C81CA0,0
021940_800CA08E0,0
021940_800D48D70,0
021940_800D992F0,0
021940_800EF4EF0,0
021940_800F596B0,0
021940_80109F970,0
021940_8010A61D0,0
021940_8010F0FE0,0
021940_80112E7D0,0
021940_8012569F0,0
021940_80127CD00,0
021940_80139E3B0,0
021940_801537BC0,0
021940_80157F1F0,0
021940_8016525B0,0
021940_80176B110,0
021940_8019C25C0,0
021940_801A37170,0
021940_801CDF8A0,0
021940_801DCC1E0,0
021940_801E3ED70,0
021940_801E45230,0
021940_8021E69A0,0
021940_8033008D0,0
021940_80F5771E0,0
0219860_80AE91070,0
0220083_80A964C90,0
0220083_80D94D730,0
0220083_812EF6160,0
0220271_808D4EDD0,0
0220271_80F13D910,0
0221374_8088CB560,0
0221527_80D4C5B00,0
022164_800C57F40,0
022164_800C58430,0
022164_800D2D450,0
022164_800D3BD30,0
022164_800DD2C30,0
022164_800E8B7F0,0
022164_800E98840,0
022164_800EF3D90,0
022164_800F65300,0
022164_800F6C990,0
022164_8010D7600,0
022164_8011F7DB0,0
022164_8012263A0,0
022164_80124BDE0,0
022164_801301C60,0
022164_80131D210,0
022164_8015F7100,0
022164_80160E9D0,0
022164_801704570,0
022164_8017ED4A0,0
022164_8017FD620,0
022164_80183BAA0,0
022164_801A01910,0
022164_801A537B0,0
022164_801A9ACC0,0
022164_801AB19C0,0
022164_801B5CFC0,0
022164_801B65090,0
022164_801CB6640,0
022164_8031A3210,0
022164_8088AF6F0,0
022164_80A541FA0,0
022164_80EF8FE70,0
022164_81422C210,0
0221691_80B73BA00,0
0221731_80D4011A0,0
0221891_808762680,0
022205_800AFF630,0
022205_800CB9A30,0
022205_800CC0520,0
022205_800CF5450,0
022205_800DDAB70,0
022205_800DEE080,0
022205_800DFE0A0,0
022205_800E87AB0,0
022205_800F44AE0,0
022205_800F48710,0
022205_800F82A30,0
022205_8010083E0,0
022205_801091600,0
022205_801114C00,0
022205_80111C4C0,0
022205_8013C4930,0
022205_801655B80,0
022205_8016D6DA0,0
022205_8019165D0,0
022205_801943190,0
022205_801AB9890,0
022205_801CF0B90,0
022205_801D49B70,0
022205_801DA51E0,0
022205_801E3FFA0,0
022205_802BA97E0,0
022205_806751C20,0
022205_808CBFEF0,0
022205_80A343EB0,0
022205_80F702650,0
0222363_80D454CA0,0
0222664_80C81EB60,0
022345_800DFF5B0,0
022345_800E9A7E0,0
022345_800EFAAF0,0
022345_800F14540,0
022345_800F7A250,0
022345_800FB5220,0
022345_800FB7320,0
022345_800FF6AD0,0
022345_8010EA130,0
022345_8011630B0,0
022345_80117F170,0
022345_8011E11C0,0
022345_8011E9C40,0
022345_80128EC40,0
022345_8012A4E90,0
022345_8012D4970,0
022345_801395AA0,0
022345_801628F10,0
022345_80172F8C0,0
022345_8017CDD70,0
022345_801850D80,0
022345_801953BC0,0
022345_801A3FF60,0
022345_801B0C870,0
022345_801B762E0,0
022345_801CD3540,0
022345_801F64910,0
022345_802016E40,0
022345_80BE39AE0,0
022345_811145940,0
022345_8144543A0,0
0223635_80B430810,0
0223635_80D447D80,0
0223649_80D3C79D0,0
0223649_80EC8AAD0,0
0224449_80AEB4990,0
0224466_80B435450,0
0226041_810269670,0
0226331_80C2148B0,0
0226657_812813920,0
0226657_812B06600,0
0226925_810EE1730,0
0227143_80ED0AE00,0
0227143_811A043C0,0
0227171_80DDBD4E0,0
0227171_80E097F00,0
022736_800FD87D0,0
022736_8010AA160,0
022736_8011AB880,0
022736_8011BB100,0
022736_8011C3D50,0
022736_80124AAE0,0
022736_80127C1C0,0
022736_80145BDB0,0
022736_801465520,0
022736_8015E2910,0
022736_8015FF0F0,0
022736_8016025C0,0
022736_80163C360,0
022736_8016EA180,0
022736_8016F98F0,0
022736_8017699C0,0
022736_8018E9C40,0
022736_80194CDC0,0
022736_801A3ADB0,0
022736_801C34870,0
022736_801CBD470,0
022736_801CF9CF0,0
022736_801D62420,0
022736_801D75DA0,0
022736_801DAE820,0
022736_80200DA90,0
022736_80310D070,0
022736_809496D30,0
022736_80BB3A150,0
0227786_80B15F9F0,0
0227786_813188F60,0
022828_8010A7DF0,0
022828_801113F60,0
022828_80116E8A0,0
022828_80118FBB0,0
022828_8011A5790,0
022828_8011DE8E0,0
022828_801222370,0
022828_801323890,0
022828_801397010,0
022828_801623AD0,0
022828_801659710,0
022828_8016BC5B0,0
022828_801726420,0
022828_80179AB60,0
022828_8017ECBF0,0
022828_80191E880,0
022828_801998250,0
022828_801A25D90,0
022828_801A82B20,0
022828_801AC6610,0
022828_801CAE2A0,0
022828_801D178C0,0
022828_801DFD010,0
022828_80200DFC0,0
022828_80220EC30,0
022828_802CB5EF0,0
0228540_81337CEF0,0
0228597_80A541D10,0
0229089_80AFCA2F0,0
0229089_80BB12AA0,0
0229558_80F7CF4E0,0
0232555_80D026820,0
0233252_80C263DA0,0
023402_800AF5400,0
023402_800AF7BB0,0
023402_801396800,0
023402_8013F7370,0
023402_801469CE0,0
023402_8015D8EA0,0
023402_8016066B0,0
023402_801712400,0
023402_8017C09F0,0
023402_8018E4E10,0
023402_80196C530,0
023402_8019887C0,0
023402_801AB1510,0
023402_801AC0EA0,0
023402_801AC0EA1,0
023402_801B5DA80,0
023402_801C38E40,0
023402_801E59A20,0
023402_801F897B0,0
023402_8020AFA40,0
023402_80210F5B0,0
023402_80220C030,0
023402_8081E9250,0
023537_8014599F0,0
023537_801640FA0,0
023537_801778F90,0
023537_801793210,0
023537_80179F360,0
023537_8017C32E0,0
023537_8017F23C0,0
023537_803949A90,1
023537_8051BEEA0,0
023537_808D36260,0
023537_80D2EE2C0,0
0235711_8106E01C0,0
0235878_80ED178A0,0
0236046_80E171A20,0
0236046_80E6682C0,0
0236046_811729500,0
0236197_81057B680,0
0236197_810758CA0,0
0236268_80D4AEE30,0
0236268_813513290,0
0236684_812BBCCE0,0
0236685_80E3890D0,0
0237354_80E01A240,1
0237730_80FE3C310,0
0237730_812039130,0
0238038_813E22B90,0
023833_8016F1D10,0
023833_8018859B0,0
023833_80188DE10,0
023833_8019EA1C0,0
023833_801A1F8B0,0
023833_801A4CF20,0
023833_801C38710,0
023833_801CF5E40,0
023833_801EA4520,0
023833_8021AB450,0
023833_8021FF8D0,0
023833_804524FD0,0
023833_812B93B80,0
023842_8015F4210,0
023842_8015F5180,0
023842_80161AEB0,0
023842_8016D2480,0
023842_8017047B0,0
023842_8018698E0,0
023842_8018A1F90,0
023842_80196CFB0,0
023842_801A97310,0
023842_801CEA200,0
023842_801D15340,0
023842_801F35550,0
023842_801F85EF0,0
023842_8031F1DB0,0
023842_8052B9910,0
023842_80A8EA150,0
023842_80E402320,0
023842_80E7A4310,0
0238744_81333AD30,0
0238829_81303D250,0
023885_801654090,0
023885_801668A00,0
023885_8016A3F70,0
023885_801765970,0
023885_8017A5F70,0
023885_8018932D0,0
023885_801932D50,0
023885_801A7F150,0
023885_801C0B640,0
023885_801F82E00,0
023885_8021FFD30,0
023885_802E1B960,0
023885_805DEB4F0,0
023885_813684920,0
0239330_81303C430,0
024132_801A1F3C0,0
024132_801AC0870,0
024132_801D67370,0
024132_802087AB0,0
024132_8021BBF60,0
024132_8021C7710,0
024132_8063D10A0,0
024132_80992E990,0
024132_80DF07310,0
024132_8130CB1F0,0
0241742_813137780,0
0242295_8139B5370,0
0244490_813464810,0
024515_801722400,0
024515_801C9F6D0,0
024515_801EB6D90,0
024515_802017220,0
024515_80215E520,0
024515_813877F30,0
0245335_812ED62E0,0
0245993_8132DF050,0
0248734_813AC16B0,0
0250208_8138E17D0,0
0250298_813AC18F0,0
0250726_813458FC0,0
025075_80220EFA0,0
025075_8027C0F00,0
025075_806412D60,0
025075_806C3D010,0
025075_80D16D3B0,0
0250810_812BCA8D0,0
0250810_813A54990,0
0251001_8129CAB90,0
025547_8082E4FB0,0
025981_80255D5E0,0
025981_80E35AC20,0
026024_812BF0120,0
027444_8066AE8E0,0
027444_8116DA220,0
027637_802C73B50,0
027637_804ED84E0,0
027637_80999A670,0
027637_80EC70230,0
028255_809AEB890,0
028255_80A831DE0,0
02843_8002374E0,0
02843_8004C1240,0
02843_8004C8F80,0
02843_8004E6490,0
02843_8004E7920,0
02843_800535010,0
02843_8005350D0,0
02843_800571340,0
02843_8005931C0,0
02843_8005A5680,0
02843_8005AB230,0
02843_8005AC9B0,0
02843_8005CEB10,0
02843_8005E1750,0
02843_8005EA150,0
02843_8005F3310,0
02843_8006181F0,0
02843_800619250,0
02843_800619490,0
02843_8006273C0,0
02843_80062C5C0,0
02843_800647440,0
02843_80064F2C0,0
02843_8006558B0,0
02843_8006572C0,0
02843_800658770,0
02843_80065C9B0,0
02843_8006B6220,0
02843_8006C7DC0,0
02843_8006F6FC0,0
02843_80072C8C0,0
02843_80072E5C0,0
02843_80075CF00,0
02843_80076A920,0
02843_8007AC8C0,0
02843_8008476E0,0
02843_80087A360,0
02843_80089B220,0
02843_8008A0C60,0
02843_8008C3450,0
02843_8009F3C40,0
02843_800A698E0,0
02843_800A87960,0
02843_800AC4320,0
02843_800ACA260,0
02843_800ACFDC0,0
02843_800B08350,0
02843_800B77C40,0
02843_800BD5940,0
02843_800BE58E0,0
02843_800C10BD0,0
02843_800C29FD0,0
02843_800C3A5A0,0
02843_800D0E120,0
02843_800DD5F90,0
02843_800DDAD60,0
02843_800E2FA80,0
02843_800E96FF0,0
02843_800E97230,0
02843_800EA0440,0
02843_800F6AAE0,0
02843_800FA0580,0
02843_800FA19F0,0
02843_800FA6960,0
02843_8011022F0,0
02843_80115FAE0,0
02843_80127ADE0,0
02843_801280760,0
02843_801375620,0
02843_80148AFC0,0
02843_80161DFD0,0
02843_801727270,0
02843_801780050,0
02843_8017A9850,0
02843_801959900,0
02843_80195D000,0
02843_801A4D330,0
02843_801BF71A0,0
02843_801C31170,0
02843_801E8AFB0,0
02843_801F6EDE0,0
02843_8021C7C90,0
02843_802C6BE90,0
02843_80CF5EE50,0
028627_8079395F0,0
028693_80600FF20,0
028693_80B3B4E10,0
028694_804271530,0
028694_8060F7BE0,0
028771_8034DB440,0
028771_8087881E0,0
028800_804FC3A40,0
028800_810EE94F0,0
028800_812045CC0,0
028827_806C67450,0
028_80A4EEAF0,0
029089_80D7F1D90,0
029089_80F63DCE0,0
029251_80C0C8A60,0
029251_80E058A80,0
029404_812605260,1
029685_80D3F9110,0
031008_80073F920,0
031011_80068F4F0,0
031011_8013EF5D0,0
031014_8015C04A0,0
031021_8007374B0,0
031021_8010EA610,0
031031_801229320,0
031045_800615D30,0
031058_800FA7080,0
031058_8016520B0,0
031082_8008BE840,0
031088_80076B3C0,0
031091_8006EE530,0
031091_801341300,0
031091_8013F73C0,0
031096_800DB8390,0
031101_80076E860,0
031108_8010A31D0,0
031120_8006AB850,0
031124_8008D6C40,0
031126_8006AF920,0
031140_801375CC0,0
031140_801A21200,0
031153_8008475F0,0
031159_8006DC2D0,0
031159_800A6C050,0
031159_800CA3850,0
031166_8013286C0,0
031177_800DEFB70,0
031177_801199E10,0
031188_8008ED1D0,0
031194_80072DB80,0
031216_80072C740,0
031218_8011B7190,0
031249_800A99E10,0
031249_80130A380,0
031251_801DBE0E0,0
031263_800E00440,0
031263_800EEAB90,0
031265_8007D4570,0
031265_8008C1180,0
031265_801381370,0
031269_8010B61B0,0
031277_8007830A0,0
031279_800785F50,0
031283_800CD6F90,0
031287_800F6FB60,0
031287_8016509F0,0
031307_800C1EF30,0
031328_801CB6FA0,0
031360_801537C10,0
031373_8011DC490,0
031379_800C907E0,0
031388_8008178A0,0
031390_800955FD0,0
031394_800849C60,0
031397_800F58940,0
031405_800EE7320,0
031405_8018512D0,0
031407_801610990,0
031410_8008D4C70,0
031416_800B0DB50,0
031416_800B28EB0,0
031417_8008BB6B0,0
031430_8017117A0,0
031431_8008C8440,0
031433_800C03AD0,0
031438_801C9F810,0
031438_801DAFA50,0
031441_8010ED770,0
031441_801EA38E0,0
031446_8016CB720,0
031474_800F718A0,0
031479_8008DF0B0,0
031485_8015677A0,0
031488_800C08B90,0
031490_8009549A0,0
031531_801B8E3C0,0
031532_801A3C280,0
031534_80171CAE0,0
031538_800ACFE10,0
031543_8009F14B0,0
031546_80179E160,0
031548_8008E4850,0
031555_8012EE0F0,0
031563_80094B9E0,0
031563_800BC8E60,0
031563_801090260,0
031606_800F67B20,0
031606_8011DC3F0,0
031779_800A68FC0,0
031779_801E3E0D0,0
031782_800A4CCD0,0
031786_800A89EC0,0
031786_800E2BB90,0
031786_801273880,0
031793_801628830,0
031798_800A69B50,0
031798_800D3D3F0,0
031807_800A6F3C0,0
031807_8012415B0,0
031816_800A8BFA0,0
031816_801839550,0
031819_80176CC80,0
031867_800CDDE20,0
031867_800DEE3A0,0
031870_801B7CB00,0
031875_8014C1FE0,0
031899_8005EA5C0,0
031900_801D45FD0,0
031903_801709B40,0
031915_801AD9AA0,0
031980_8009C1920,0
031980_801396870,0
031980_801C33810,0
031988_801647AB0,0
032014_800F9DBA0,0
032014_80160DE40,0
032017_801B49ED0,0
032026_80115B0D0,0
032027_800BB31C0,0
032027_80117B370,0
032040_800BC8CE0,0
032040_800DD9EF0,0
032045_801A5C190,0
03206_800254580,0
03206_8005BE670,0
03206_80072A910,0
032073_800BFA720,0
032088_801D06890,0
03208_8000F4580,0
03208_800156AF0,0
03208_8006154D0,0
03209_80042BC80,0
03209_800457A50,0
03209_800BDC130,0
032101_800C1FC00,0
032101_8012A4D30,0
032103_801CF0D60,0
03210_8006BC850,0
03211_80014BC00,0
03211_80049C2D0,0
03211_80059DC30,0
032124_8021FD870,0
032131_801643D30,0
032132_800C4BD30,0
032138_800D9DCC0,0
032146_801724AF0,0
032195_800E74910,0
032199_800CA1090,0
032199_8018786D0,0
032204_800D0CAF0,0
032213_800CBBD60,0
032214_80170CEA0,0
032229_800CD04C0,0
032241_80119B900,0
032246_801174E60,0
032253_801096B30,0
032269_8021E6B30,0
032273_800D359D0,0
032287_8011E13F0,0
032287_8021E6050,0
032293_801499930,0
032298_800D3FDE0,0
032305_8019FFE60,0
032311_800DB8520,0
03232_8001AC390,0
03232_800434E10,0
03233_800106D50,0
03233_8003E4680,0
03236_80083C990,0
032385_8011B0E10,0
032390_800DC3110,0
032391_800F492C0,0
032391_801794B10,0
032392_801393F80,0
032395_801CEF680,0
032400_80146FBF0,0
03241_800145C30,0
03241_80014B200,0
03241_80033B7C0,0
03241_8004BBF50,0
03241_800A4A3F0,0
03241_80199B1D0,0
03241_801D68FD0,0
032421_8013837A0,0
032450_8006B7960,0
032486_80171E310,0
032488_801621350,0
032489_800E74560,0
032489_801097F50,0
03248_80046D1F0,0
03248_800CA2E00,0
032503_800E99030,0
032516_800EADE20,0
032561_8021FAB80,0
032589_801ACA900,0
032597_801566770,0
032622_800F32550,0
032622_801D16AC0,0
032643_800F495B0,0
032645_800F4C8E0,0
032645_801187410,0
03264_8002ED790,0
032696_801E182D0,0
032707_80191CE90,0
032712_801CDE840,0
032714_801F7C300,0
032727_8020D1D20,0
032731_8015EDAF0,0
032733_801133EC0,0
03274_8003CC8B0,0
03274_800D6F8E0,0
032769_80199F7C0,0
032770_80137D920,0
032772_800FFCAA0,0
03278_80049D3A0,0
032814_8019BF760,0
032816_8019B7E00,0
032828_8016D0010,0
03284_8001DDC00,0
032855_8010836A0,0
032881_8010A78B0,0
032885_80131D6A0,0
032888_801AD9810,0
032891_801CE0460,0
032891_801E08470,0
03290_8002C68D0,0
03290_801D44840,0
03291_8003D8380,0
03291_8005799A0,0
03291_8006FCA80,0
032922_801988630,0
032923_8010D4910,0
032927_80111B3C0,0
032934_8021DE060,0
032972_801C3D6C0,0
032985_80113AC90,0
033002_801C9F8B0,0
033002_801EA1F20,0
033014_8011649C0,0
033014_801398160,0
033036_801187550,0
033091_801B5DDC0,0
033091_801EAA4B0,0
033100_800AF83D0,0
033106_80175C710,0
033128_801891E70,0
033133_8019D95E0,0
033138_8009BD470,0
03314_80033AF60,0
03314_8003D6540,0
033189_801856890,0
033214_8017FD1B0,0
033260_801F654E0,0
03329_800F56190,0
033312_802010DE0,0
033315_801D04F10,0
03331_80018A1A0,0
03331_8005753C0,0
03331_800E003A0,0
03331_80117ADE0,0
033392_8013AD8F0,0
033405_8013CBA60,0
033420_801565340,0
033454_801413D60,0
033456_801418C00,0
033456_8015D77F0,0
033471_800AF9AC0,0
033471_80187F010,0
033501_801C384A0,0
033615_801875FA0,0
03365_800418BD0,0
03369_80049EEC0,0
03369_80081E440,0
03370_8001FA950,0
03370_80020AAF0,0
03370_8009ED140,0
033739_8019982F0,0
033745_801CFB310,0
03374_800153420,0
03374_80093DD00,0
033770_801725A50,0
033777_801882FF0,0
03378_80032ECC0,0
03382_800F6DA50,0
033856_8016A7890,0
033893_80171C950,0
033894_8016D32E0,0
033898_8016D5B70,0
033927_801763F50,0
033928_801989690,0
033929_8016FD910,0
033939_80170B000,0
033997_801774E30,0
03399_800261D70,0
03401_8002B5CF0,0
034038_80179ABB0,0
034046_8017A3950,0
034069_8021C6610,0
034084_8017D1F40,0
034092_8021C7800,0
034118_801CDE0F0,0
034118_80220E3F0,0
034141_8018365F0,0
034181_801880700,0
034192_801973C90,0
034200_801CB5530,0
034209_8018973C0,0
03426_80021C6F0,0
03426_800402CA0,0
03426_8004B9580,0
03426_8007D71B0,0
03426_800E8B980,0
034297_801EA7E70,0
03431_800822B90,0
03431_801A5AB00,0
034331_801964330,0
034331_80196DA20,0
034336_801DFD150,0
03433_800949130,0
03433_800B55180,0
034343_80197D940,0
034351_801985B30,0
034364_8019A97C0,0
03437_8008F2380,0
034386_80201AD90,0
03438_801163150,0
034402_8019FD140,0
034430_8021C7760,0
034432_801D167D0,0
034433_801A22020,0
034446_801A40320,0
034451_801A41D60,0
034453_802204500,0
034481_801BAFD10,0
034493_801A77D80,0
034509_801A904F0,0
03462_8004229A0,0
03469_8002434A0,0
03469_800252040,0
03469_80038C1F0,0
03469_800391700,0
03469_8004A1D60,0
03469_800E9C670,0
034719_801D47670,0
03472_8003F51A0,0
03472_8022190D0,0
034735_801CF9F20,0
034736_801BF5CB0,0
03480_80046B2B0,0
03482_8006CA2E0,0
03486_8004BECB0,0
03486_800818AA0,0
034871_801CFC8A0,0
03494_8002CD8B0,0
034965_801DA5710,0
034974_801DAE6A0,0
035283_801F625C0,0
035300_801F844C0,0
035301_801F87D40,0
035302_801F8C700,0
03542_800692120,0
03542_8008045C0,0
03546_8007A8AE0,0
03546_8016EFC80,0
03548_80137F3C0,0
03548_801793F90,0
03552_800463A10,0
03552_8006FF570,0
03552_80080FA80,0
03552_800F32C60,0
03553_800B25510,0
03555_8005A4790,0
03555_80068A0C0,0
03558_80065C140,0
03558_800669920,0
03559_8003C4330,0
03559_8008E4490,0
03561_800455CD0,0
03561_800E96CC0,0
03592_8002FF130,0
03592_8006FAF00,0
03593_80038A620,0
03593_8003E10F0,0
03593_800919BD0,0
03601_80033E330,0
03601_8003F1EA0,0
03607_80033D9B0,0
03607_800485D40,0
03607_8006645C0,0
03607_8006A6D90,0
03607_8007586C0,0
03607_800D6BF60,0
03607_801589E50,0
03608_8003B7370,0
03608_80057D860,0
03618_800327190,0
03618_80145E0E0,0
03628_8019BDB00,0
03630_800345170,0
03630_800BA58C0,0
03630_80165ED10,0
03633_8005D88C0,0
03641_8004CDD80,0
03641_80065FDD0,0
03641_80070A1B0,0
03679_8012F2B80,0
03683_8005C9E00,0
03688_8004B8170,0
03693_800726DC0,0
03700_800AD6DB0,0
03701_8003BD9C0,0
03701_80065B470,0
03708_800D08DB0,0
03727_800C13B50,0
03731_800402810,0
03731_8004CA410,0
03731_8008D5730,0
03735_8006260C0,0
03742_80075E9D0,0
03744_8012BDF30,0
03749_800BB56A0,0
03749_800D6F890,0
03753_800827380,0
03753_800FA3560,0
03753_801644F90,0
03760_8005B8880,0
03790_800BE4C20,0
03790_801E87C50,0
03790_80200D540,0
03792_80058C440,0
03801_8010A5F50,0
03801_80135BC00,0
03806_800467A40,0
03806_800699E60,0
03806_8007A5A80,0
03806_801093280,0
03812_800756690,0
03812_80083C3F0,0
03824_8013EB750,0
03839_80081AF90,0
03852_800FACBD0,0
03852_8020AF9A0,0
03855_8005D2780,0
03855_800A7BC10,0
03892_800531BF0,0
03901_80200F2F0,0
03903_801037E00,0
03931_8016DFB40,0
03938_800582FF0,0
03964_8018E56C0,0
03969_8006165D0,0
03976_8005C2A00,0
03976_800646050,0
03977_8005C9EA0,0
03983_800818470,0
03985_8006ED1D0,0
03985_800DE6DF0,0
070_100428660,1
