feature,importance_mean,importance_std
total_sent,0.00428,0.000424
weighted_out_degree,0.003781,0.00036
betweenness_centrality,0.002907,0.000212
transactions_per_week,0.001985,0.000355
transactions_per_day,0.001908,0.000614
unique_senders,0.001372,0.00084
in_degree,0.001347,0.001048
maximum_transaction_amount,0.001214,0.000417
net_flow,0.000143,0.000173
transaction_count,-0.000224,0.001178
out_degree,-0.000377,0.001023
maximum_time_between_transactions,-0.000956,0.001517
average_time_between_transactions,-0.001002,0.000974
minimum_time_between_transactions,-0.00159,0.001097
total_degree,-0.001811,0.000168
unique_receivers,-0.00221,0.003165
average_transaction_amount,-0.002719,0.0005
weighted_in_degree,-0.00893,0.000241
total_received,-0.009162,0.000456
