feature,IBM_AML_Importance,PaySim_Importance
total_sent,0.00428,0.006883
weighted_out_degree,0.003781,0.003645
betweenness_centrality,0.002907,0.0
transactions_per_week,0.001985,-0.001461
transactions_per_day,0.001908,1.6e-05
unique_senders,0.001372,-0.002548
in_degree,0.001347,-0.002859
maximum_transaction_amount,0.001214,0.013465
net_flow,0.000143,0.008961
transaction_count,-0.000224,-0.003102
out_degree,-0.000377,-0.001403
maximum_time_between_transactions,-0.000956,-0.001462
average_time_between_transactions,-0.001002,-0.000785
minimum_time_between_transactions,-0.00159,-0.001258
total_degree,-0.001811,-0.003409
unique_receivers,-0.00221,-8.9e-05
average_transaction_amount,-0.002719,0.016599
weighted_in_degree,-0.00893,0.008134
total_received,-0.009162,0.009105
